{
	"parent": "minecraft:item/generated",
	"credit": "Made with Blockbench",
	"textures": {
		"1": "item/enchanted_tool_overlays/enchantment_outline",
		"particle": "item/enchanted_tool_overlays/enchantment_outline"
	},
	"elements": [
		{
			"from": [4.9, 1.9, 8.6],
			"to": [11.1, 2.9, 7.4],
			"light_emission": 15,
			"rotation": {"angle": 0, "axis": "y", "origin": [10, 2.025, 1.1]},
			"faces": {
				"north": {"uv": [10, 13, 11, 14], "texture": "#1"},
				"east": {"uv": [10, 13, 11, 14], "texture": "#1"},
				"south": {"uv": [10, 13, 11, 14], "texture": "#1"},
				"west": {"uv": [10, 13, 11, 14], "texture": "#1"},
				"up": {"uv": [0, 0, 1, 1], "texture": "#1"},
				"down": {"uv": [10, 13, 11, 14], "texture": "#1"}
			}
		},
		{
			"from": [2.9, 2.9, 8.6],
			"to": [4.9, 3.9, 7.4],
			"light_emission": 15,
			"rotation": {"angle": 0, "axis": "y", "origin": [3, 3.025, 1.1]},
			"faces": {
				"north": {"uv": [3, 12, 4, 13], "texture": "#1"},
				"east": {"uv": [0, 0, 1, 1], "texture": "#1"},
				"south": {"uv": [3, 12, 4, 13], "texture": "#1"},
				"west": {"uv": [3, 12, 4, 13], "texture": "#1"},
				"up": {"uv": [0, 0, 1, 1], "texture": "#1"},
				"down": {"uv": [3, 12, 4, 13], "texture": "#1"}
			}
		},
		{
			"from": [11.1, 2.9, 8.6],
			"to": [13.1, 3.9, 7.4],
			"light_emission": 15,
			"rotation": {"angle": 0, "axis": "y", "origin": [12, 3.025, 1.1]},
			"faces": {
				"north": {"uv": [12, 12, 13, 13], "texture": "#1"},
				"east": {"uv": [12, 12, 13, 13], "texture": "#1"},
				"south": {"uv": [12, 12, 13, 13], "texture": "#1"},
				"west": {"uv": [0, 0, 1, 1], "texture": "#1"},
				"up": {"uv": [0, 0, 1, 1], "texture": "#1"},
				"down": {"uv": [12, 12, 13, 13], "texture": "#1"}
			}
		},
		{
			"from": [1.9, 3.9, 8.6],
			"to": [2.9, 4.9, 7.4],
			"light_emission": 15,
			"rotation": {"angle": 0, "axis": "y", "origin": [2, 4.025, 1.1]},
			"faces": {
				"north": {"uv": [2, 11, 3, 12], "texture": "#1"},
				"east": {"uv": [0, 0, 1, 1], "texture": "#1"},
				"south": {"uv": [2, 11, 3, 12], "texture": "#1"},
				"west": {"uv": [2, 11, 3, 12], "texture": "#1"},
				"up": {"uv": [0, 0, 1, 1], "texture": "#1"},
				"down": {"uv": [2, 11, 3, 12], "texture": "#1"}
			}
		},
		{
			"from": [13.1, 3.9, 8.6],
			"to": [14.1, 4.9, 7.4],
			"light_emission": 15,
			"rotation": {"angle": 0, "axis": "y", "origin": [13, 4.025, 1.1]},
			"faces": {
				"north": {"uv": [13, 11, 14, 12], "texture": "#1"},
				"east": {"uv": [13, 11, 14, 12], "texture": "#1"},
				"south": {"uv": [13, 11, 14, 12], "texture": "#1"},
				"west": {"uv": [0, 0, 1, 1], "texture": "#1"},
				"up": {"uv": [0, 0, 1, 1], "texture": "#1"},
				"down": {"uv": [13, 11, 14, 12], "texture": "#1"}
			}
		},
		{
			"from": [0.9, 4.9, 8.6],
			"to": [1.9, 11.1, 7.4],
			"light_emission": 15,
			"rotation": {"angle": 0, "axis": "y", "origin": [1, 5.025, 1.1]},
			"faces": {
				"north": {"uv": [1, 10, 2, 11], "texture": "#1"},
				"east": {"uv": [0, 0, 1, 1], "texture": "#1"},
				"south": {"uv": [1, 10, 2, 11], "texture": "#1"},
				"west": {"uv": [1, 10, 2, 11], "texture": "#1"},
				"up": {"uv": [1, 10, 2, 11], "texture": "#1"},
				"down": {"uv": [1, 10, 2, 11], "texture": "#1"}
			}
		},
		{
			"from": [14.1, 4.9, 8.6],
			"to": [15.1, 11.1, 7.4],
			"light_emission": 15,
			"rotation": {"angle": 0, "axis": "y", "origin": [14, 10.025, 1.1]},
			"faces": {
				"north": {"uv": [14, 5, 15, 6], "texture": "#1"},
				"east": {"uv": [14, 5, 15, 6], "texture": "#1"},
				"south": {"uv": [14, 5, 15, 6], "texture": "#1"},
				"west": {"uv": [0, 0, 1, 1], "texture": "#1"},
				"up": {"uv": [14, 5, 15, 6], "texture": "#1"},
				"down": {"uv": [14, 5, 15, 6], "texture": "#1"}
			}
		},
		{
			"from": [1.9, 11.1, 8.6],
			"to": [2.9, 12.1, 7.4],
			"light_emission": 15,
			"rotation": {"angle": 0, "axis": "y", "origin": [2, 11.025, 1.1]},
			"faces": {
				"north": {"uv": [2, 4, 3, 5], "texture": "#1"},
				"east": {"uv": [0, 0, 1, 1], "texture": "#1"},
				"south": {"uv": [2, 4, 3, 5], "texture": "#1"},
				"west": {"uv": [2, 4, 3, 5], "texture": "#1"},
				"up": {"uv": [2, 4, 3, 5], "texture": "#1"},
				"down": {"uv": [0, 0, 1, 1], "texture": "#1"}
			}
		},
		{
			"from": [13.1, 11.1, 8.6],
			"to": [14.1, 12.1, 7.4],
			"light_emission": 15,
			"rotation": {"angle": 0, "axis": "y", "origin": [13, 11.025, 1.1]},
			"faces": {
				"north": {"uv": [13, 4, 14, 5], "texture": "#1"},
				"east": {"uv": [13, 4, 14, 5], "texture": "#1"},
				"south": {"uv": [13, 4, 14, 5], "texture": "#1"},
				"west": {"uv": [0, 0, 1, 1], "texture": "#1"},
				"up": {"uv": [13, 4, 14, 5], "texture": "#1"},
				"down": {"uv": [0, 0, 1, 1], "texture": "#1"}
			}
		},
		{
			"from": [2.9, 12.1, 8.6],
			"to": [4.9, 13.1, 7.4],
			"light_emission": 15,
			"rotation": {"angle": 0, "axis": "y", "origin": [3, 12.025, 1.1]},
			"faces": {
				"north": {"uv": [3, 3, 4, 4], "texture": "#1"},
				"east": {"uv": [0, 0, 1, 1], "texture": "#1"},
				"south": {"uv": [3, 3, 4, 4], "texture": "#1"},
				"west": {"uv": [3, 3, 4, 4], "texture": "#1"},
				"up": {"uv": [3, 3, 4, 4], "texture": "#1"},
				"down": {"uv": [0, 0, 1, 1], "texture": "#1"}
			}
		},
		{
			"from": [11.1, 12.1, 8.6],
			"to": [13.1, 13.1, 7.4],
			"light_emission": 15,
			"rotation": {"angle": 0, "axis": "y", "origin": [12, 12.025, 1.1]},
			"faces": {
				"north": {"uv": [12, 3, 13, 4], "texture": "#1"},
				"east": {"uv": [12, 3, 13, 4], "texture": "#1"},
				"south": {"uv": [12, 3, 13, 4], "texture": "#1"},
				"west": {"uv": [0, 0, 1, 1], "texture": "#1"},
				"up": {"uv": [12, 3, 13, 4], "texture": "#1"},
				"down": {"uv": [0, 0, 1, 1], "texture": "#1"}
			}
		},
		{
			"from": [4.9, 13.1, 8.6],
			"to": [11.1, 14.1, 7.4],
			"light_emission": 15,
			"rotation": {"angle": 0, "axis": "y", "origin": [5, 13.025, 1.1]},
			"faces": {
				"north": {"uv": [5, 2, 6, 3], "texture": "#1"},
				"east": {"uv": [5, 2, 6, 3], "texture": "#1"},
				"south": {"uv": [5, 2, 6, 3], "texture": "#1"},
				"west": {"uv": [5, 2, 6, 3], "texture": "#1"},
				"up": {"uv": [5, 2, 6, 3], "texture": "#1"},
				"down": {"uv": [0, 0, 1, 1], "texture": "#1"}
			}
		},
		{
			"from": [2.9, 3.9, 8.6],
			"to": [13.1, 12.1, 7.4],
			"light_emission": 15,
			"rotation": {"angle": 0, "axis": "y", "origin": [3, 11.025, 1.1]},
			"faces": {
				"north": {"uv": [5, 2, 6, 3], "texture": "#1"},
				"east": {"uv": [0, 0, 1, 1], "texture": "#1"},
				"south": {"uv": [5, 2, 6, 3], "texture": "#1"},
				"west": {"uv": [0, 0, 1, 1], "texture": "#1"},
				"up": {"uv": [0, 0, 1, 1], "texture": "#1"},
				"down": {"uv": [0, 0, 1, 1], "texture": "#1"}
			}
		},
		{
			"from": [13.1, 4.9, 8.6],
			"to": [14.1, 11.1, 7.4],
			"light_emission": 15,
			"rotation": {"angle": 0, "axis": "y", "origin": [4, 11.025, 1.1]},
			"faces": {
				"north": {"uv": [5, 2, 6, 3], "texture": "#1"},
				"east": {"uv": [0, 0, 1, 1], "texture": "#1"},
				"south": {"uv": [5, 2, 6, 3], "texture": "#1"},
				"west": {"uv": [0, 0, 1, 1], "texture": "#1"},
				"up": {"uv": [0, 0, 1, 1], "texture": "#1"},
				"down": {"uv": [0, 0, 1, 1], "texture": "#1"}
			}
		},
		{
			"from": [1.9, 4.9, 8.6],
			"to": [2.9, 11.1, 7.4],
			"light_emission": 15,
			"rotation": {"angle": 0, "axis": "y", "origin": [-7.2, 11.025, 1.1]},
			"faces": {
				"north": {"uv": [5, 2, 6, 3], "texture": "#1"},
				"east": {"uv": [0, 0, 1, 1], "texture": "#1"},
				"south": {"uv": [5, 2, 6, 3], "texture": "#1"},
				"west": {"uv": [0, 0, 1, 1], "texture": "#1"},
				"up": {"uv": [0, 0, 1, 1], "texture": "#1"},
				"down": {"uv": [0, 0, 1, 1], "texture": "#1"}
			}
		},
		{
			"from": [4.9, 2.9, 8.6],
			"to": [11.1, 3.9, 7.4],
			"light_emission": 15,
			"rotation": {"angle": 0, "axis": "y", "origin": [3, 11.025, 1.1]},
			"faces": {
				"north": {"uv": [5, 2, 6, 3], "texture": "#1"},
				"east": {"uv": [0, 0, 1, 1], "texture": "#1"},
				"south": {"uv": [5, 2, 6, 3], "texture": "#1"},
				"west": {"uv": [0, 0, 1, 1], "texture": "#1"},
				"up": {"uv": [0, 0, 1, 1], "texture": "#1"},
				"down": {"uv": [0, 0, 1, 1], "texture": "#1"}
			}
		},
		{
			"from": [4.9, 12.1, 8.6],
			"to": [11.1, 13.1, 7.4],
			"light_emission": 15,
			"rotation": {"angle": 0, "axis": "y", "origin": [3, 20.225, 1.1]},
			"faces": {
				"north": {"uv": [5, 2, 6, 3], "texture": "#1"},
				"east": {"uv": [0, 0, 1, 1], "texture": "#1"},
				"south": {"uv": [5, 2, 6, 3], "texture": "#1"},
				"west": {"uv": [0, 0, 1, 1], "texture": "#1"},
				"up": {"uv": [0, 0, 1, 1], "texture": "#1"},
				"down": {"uv": [0, 0, 1, 1], "texture": "#1"}
			}
		}
	],
	"gui_light": "front",
	"display": {
		"gui": {
			"scale": [1, 1, 1]
		}
	},
	"groups": [
		{
			"name": "emissive_1",
			"origin": [12, 15, 0],
			"color": 0,
			"children": [0, 1, 2, 3, 4, 5, 6, 7, 8, 9, 10, 11, 12, 13, 14, 15, 16]
		}
	]
}