{
	"parent": "minecraft:item/generated",
	"credit": "Made with Blockbench",
	"textures": {
		"3": "item/enchanted_tool_overlays/enchantment_outline",
		"particle": "item/enchanted_tool_overlays/enchantment_outline"
	},
	"elements": [
		{
			"from": [6.9, 0.9, 8.6],
			"to": [10.1, 2.1, 7.4],
			"light_emission": 15,
			"rotation": {"angle": 0, "axis": "y", "origin": [8, 1.025, 1.1]},
			"faces": {
				"north": {"uv": [8, 14, 9, 15], "texture": "#3"},
				"east": {"uv": [0, 0, 1, 1], "texture": "#3"},
				"south": {"uv": [8, 14, 9, 15], "texture": "#3"},
				"west": {"uv": [0, 0, 1, 1], "texture": "#3"},
				"up": {"uv": [0, 0, 1, 1], "texture": "#3"},
				"down": {"uv": [8, 14, 9, 15], "texture": "#3"}
			}
		},
		{
			"from": [10.1, 0.9, 8.6],
			"to": [13.9, 2.1, 7.4],
			"light_emission": 15,
			"rotation": {"angle": 0, "axis": "y", "origin": [9, 1.025, 1.1]},
			"faces": {
				"north": {"uv": [8, 14, 9, 15], "texture": "#3"},
				"east": {"uv": [0, 0, 1, 1], "texture": "#3"},
				"south": {"uv": [8, 14, 9, 15], "texture": "#3"},
				"west": {"uv": [0, 0, 1, 1], "texture": "#3"},
				"up": {"uv": [8, 14, 9, 15], "texture": "#3"},
				"down": {"uv": [8, 14, 9, 15], "texture": "#3"}
			}
		},
		{
			"from": [13.9, 0.9, 8.6],
			"to": [15.1, 2.1, 7.4],
			"light_emission": 15,
			"rotation": {"angle": 0, "axis": "y", "origin": [10.2, 1.025, 1.1]},
			"faces": {
				"north": {"uv": [8, 14, 9, 15], "texture": "#3"},
				"east": {"uv": [8, 14, 9, 15], "texture": "#3"},
				"south": {"uv": [8, 14, 9, 15], "texture": "#3"},
				"west": {"uv": [0, 0, 1, 1], "texture": "#3"},
				"up": {"uv": [0, 0, 1, 1], "texture": "#3"},
				"down": {"uv": [8, 14, 9, 15], "texture": "#3"}
			}
		},
		{
			"from": [3.1, 0.9, 8.6],
			"to": [6.9, 2.1, 7.4],
			"light_emission": 15,
			"rotation": {"angle": 0, "axis": "y", "origin": [7, 1.025, 1.1]},
			"faces": {
				"north": {"uv": [8, 14, 9, 15], "texture": "#3"},
				"east": {"uv": [0, 0, 1, 1], "texture": "#3"},
				"south": {"uv": [8, 14, 9, 15], "texture": "#3"},
				"west": {"uv": [0, 0, 1, 1], "texture": "#3"},
				"up": {"uv": [8, 14, 9, 15], "texture": "#3"},
				"down": {"uv": [8, 14, 9, 15], "texture": "#3"}
			}
		},
		{
			"from": [1.9, 0.9, 8.6],
			"to": [3.1, 2.1, 7.4],
			"light_emission": 15,
			"rotation": {"angle": 0, "axis": "y", "origin": [5.8, 1.025, 1.1]},
			"faces": {
				"north": {"uv": [8, 14, 9, 15], "texture": "#3"},
				"east": {"uv": [0, 0, 1, 1], "texture": "#3"},
				"south": {"uv": [8, 14, 9, 15], "texture": "#3"},
				"west": {"uv": [8, 14, 9, 15], "texture": "#3"},
				"up": {"uv": [0, 0, 1, 1], "texture": "#3"},
				"down": {"uv": [8, 14, 9, 15], "texture": "#3"}
			}
		},
		{
			"from": [6.9, 2.1, 8.6],
			"to": [8, 2.9, 7.4],
			"light_emission": 15,
			"rotation": {"angle": 0, "axis": "y", "origin": [7, 2.025, 1.1]},
			"faces": {
				"north": {"uv": [7, 13, 8, 14], "texture": "#3"},
				"east": {"uv": [0, 0, 1, 1], "texture": "#3"},
				"south": {"uv": [7, 13, 8, 14], "texture": "#3"},
				"west": {"uv": [7, 13, 8, 14], "texture": "#3"},
				"up": {"uv": [0, 0, 1, 1], "texture": "#3"},
				"down": {"uv": [0, 0, 1, 1], "texture": "#3"}
			}
		},
		{
			"from": [9, 2.1, 8.6],
			"to": [10.1, 2.9, 7.4],
			"light_emission": 15,
			"rotation": {"angle": 0, "axis": "y", "origin": [9, 2.025, 1.1]},
			"faces": {
				"north": {"uv": [9, 13, 10, 14], "texture": "#3"},
				"east": {"uv": [9, 13, 10, 14], "texture": "#3"},
				"south": {"uv": [9, 13, 10, 14], "texture": "#3"},
				"west": {"uv": [0, 0, 1, 1], "texture": "#3"},
				"up": {"uv": [0, 0, 1, 1], "texture": "#3"},
				"down": {"uv": [0, 0, 1, 1], "texture": "#3"}
			}
		},
		{
			"from": [3.9, 2.9, 8.6],
			"to": [5, 4, 7.4],
			"light_emission": 15,
			"rotation": {"angle": 0, "axis": "y", "origin": [4, 3.025, 1.1]},
			"faces": {
				"north": {"uv": [4, 12, 5, 13], "texture": "#3"},
				"east": {"uv": [0, 0, 1, 1], "texture": "#3"},
				"south": {"uv": [4, 12, 5, 13], "texture": "#3"},
				"west": {"uv": [4, 12, 5, 13], "texture": "#3"},
				"up": {"uv": [0, 0, 1, 1], "texture": "#3"},
				"down": {"uv": [4, 12, 5, 13], "texture": "#3"}
			}
		},
		{
			"from": [5, 2.9, 8.6],
			"to": [6.9, 4, 7.4],
			"light_emission": 15,
			"rotation": {"angle": 0, "axis": "y", "origin": [6, 3.025, 1.1]},
			"faces": {
				"north": {"uv": [6, 12, 7, 13], "texture": "#3"},
				"east": {"uv": [0, 0, 1, 1], "texture": "#3"},
				"south": {"uv": [6, 12, 7, 13], "texture": "#3"},
				"west": {"uv": [0, 0, 1, 1], "texture": "#3"},
				"up": {"uv": [0, 0, 1, 1], "texture": "#3"},
				"down": {"uv": [6, 12, 7, 13], "texture": "#3"}
			}
		},
		{
			"from": [10.1, 2.9, 8.6],
			"to": [12, 4, 7.4],
			"light_emission": 15,
			"rotation": {"angle": 0, "axis": "y", "origin": [10, 3.025, 1.1]},
			"faces": {
				"north": {"uv": [10, 12, 11, 13], "texture": "#3"},
				"east": {"uv": [0, 0, 1, 1], "texture": "#3"},
				"south": {"uv": [10, 12, 11, 13], "texture": "#3"},
				"west": {"uv": [0, 0, 1, 1], "texture": "#3"},
				"up": {"uv": [0, 0, 1, 1], "texture": "#3"},
				"down": {"uv": [10, 12, 11, 13], "texture": "#3"}
			}
		},
		{
			"from": [12, 2.9, 8.6],
			"to": [13.1, 4, 7.4],
			"light_emission": 15,
			"rotation": {"angle": 0, "axis": "y", "origin": [12, 3.025, 1.1]},
			"faces": {
				"north": {"uv": [12, 12, 13, 13], "texture": "#3"},
				"east": {"uv": [12, 12, 13, 13], "texture": "#3"},
				"south": {"uv": [12, 12, 13, 13], "texture": "#3"},
				"west": {"uv": [0, 0, 1, 1], "texture": "#3"},
				"up": {"uv": [0, 0, 1, 1], "texture": "#3"},
				"down": {"uv": [12, 12, 13, 13], "texture": "#3"}
			}
		},
		{
			"from": [3.9, 4, 8.6],
			"to": [5, 5.9, 7.4],
			"light_emission": 15,
			"rotation": {"angle": 0, "axis": "y", "origin": [4, 5.025, 1.1]},
			"faces": {
				"north": {"uv": [4, 10, 5, 11], "texture": "#3"},
				"east": {"uv": [0, 0, 1, 1], "texture": "#3"},
				"south": {"uv": [4, 10, 5, 11], "texture": "#3"},
				"west": {"uv": [4, 10, 5, 11], "texture": "#3"},
				"up": {"uv": [0, 0, 1, 1], "texture": "#3"},
				"down": {"uv": [0, 0, 1, 1], "texture": "#3"}
			}
		},
		{
			"from": [12, 4, 8.6],
			"to": [13.1, 5.9, 7.4],
			"light_emission": 15,
			"rotation": {"angle": 0, "axis": "y", "origin": [12, 5.025, 1.1]},
			"faces": {
				"north": {"uv": [12, 10, 13, 11], "texture": "#3"},
				"east": {"uv": [12, 10, 13, 11], "texture": "#3"},
				"south": {"uv": [12, 10, 13, 11], "texture": "#3"},
				"west": {"uv": [0, 0, 1, 1], "texture": "#3"},
				"up": {"uv": [0, 0, 1, 1], "texture": "#3"},
				"down": {"uv": [0, 0, 1, 1], "texture": "#3"}
			}
		},
		{
			"from": [3.1, 5.9, 8.6],
			"to": [3.9, 7, 7.4],
			"light_emission": 15,
			"rotation": {"angle": 0, "axis": "y", "origin": [3, 6.025, 1.1]},
			"faces": {
				"north": {"uv": [3, 9, 4, 10], "texture": "#3"},
				"east": {"uv": [0, 0, 1, 1], "texture": "#3"},
				"south": {"uv": [3, 9, 4, 10], "texture": "#3"},
				"west": {"uv": [0, 0, 1, 1], "texture": "#3"},
				"up": {"uv": [0, 0, 1, 1], "texture": "#3"},
				"down": {"uv": [3, 9, 4, 10], "texture": "#3"}
			}
		},
		{
			"from": [13.1, 5.9, 8.6],
			"to": [13.9, 7, 7.4],
			"light_emission": 15,
			"rotation": {"angle": 0, "axis": "y", "origin": [13, 6.025, 1.1]},
			"faces": {
				"north": {"uv": [13, 9, 14, 10], "texture": "#3"},
				"east": {"uv": [0, 0, 1, 1], "texture": "#3"},
				"south": {"uv": [13, 9, 14, 10], "texture": "#3"},
				"west": {"uv": [0, 0, 1, 1], "texture": "#3"},
				"up": {"uv": [0, 0, 1, 1], "texture": "#3"},
				"down": {"uv": [13, 9, 14, 10], "texture": "#3"}
			}
		},
		{
			"from": [1.9, 5.9, 8.6],
			"to": [3.1, 9.1, 7.4],
			"light_emission": 15,
			"rotation": {"angle": 0, "axis": "y", "origin": [2, 7.025, 1.1]},
			"faces": {
				"north": {"uv": [2, 8, 3, 9], "texture": "#3"},
				"east": {"uv": [0, 0, 1, 1], "texture": "#3"},
				"south": {"uv": [2, 8, 3, 9], "texture": "#3"},
				"west": {"uv": [2, 8, 3, 9], "texture": "#3"},
				"up": {"uv": [0, 0, 1, 1], "texture": "#3"},
				"down": {"uv": [0, 0, 1, 1], "texture": "#3"}
			}
		},
		{
			"from": [13.9, 5.9, 8.6],
			"to": [15.1, 9.1, 7.4],
			"light_emission": 15,
			"rotation": {"angle": 0, "axis": "y", "origin": [14, 7.025, 1.1]},
			"faces": {
				"north": {"uv": [14, 8, 15, 9], "texture": "#3"},
				"east": {"uv": [14, 8, 15, 9], "texture": "#3"},
				"south": {"uv": [14, 8, 15, 9], "texture": "#3"},
				"west": {"uv": [0, 0, 1, 1], "texture": "#3"},
				"up": {"uv": [0, 0, 1, 1], "texture": "#3"},
				"down": {"uv": [0, 0, 1, 1], "texture": "#3"}
			}
		},
		{
			"from": [1.9, 2.1, 8.6],
			"to": [3.1, 5.9, 7.4],
			"light_emission": 15,
			"rotation": {"angle": 0, "axis": "y", "origin": [2, 6.025, 1.1]},
			"faces": {
				"north": {"uv": [2, 8, 3, 9], "texture": "#3"},
				"east": {"uv": [2, 8, 3, 9], "texture": "#3"},
				"south": {"uv": [2, 8, 3, 9], "texture": "#3"},
				"west": {"uv": [2, 8, 3, 9], "texture": "#3"},
				"up": {"uv": [0, 0, 1, 1], "texture": "#3"},
				"down": {"uv": [0, 0, 1, 1], "texture": "#3"}
			}
		},
		{
			"from": [13.9, 2.1, 8.6],
			"to": [15.1, 5.9, 7.4],
			"light_emission": 15,
			"rotation": {"angle": 0, "axis": "y", "origin": [14, 6.025, 1.1]},
			"faces": {
				"north": {"uv": [14, 8, 15, 9], "texture": "#3"},
				"east": {"uv": [14, 8, 15, 9], "texture": "#3"},
				"south": {"uv": [14, 8, 15, 9], "texture": "#3"},
				"west": {"uv": [14, 8, 15, 9], "texture": "#3"},
				"up": {"uv": [0, 0, 1, 1], "texture": "#3"},
				"down": {"uv": [0, 0, 1, 1], "texture": "#3"}
			}
		},
		{
			"from": [1.9, 9.1, 8.6],
			"to": [3.1, 13.9, 7.4],
			"light_emission": 15,
			"rotation": {"angle": 0, "axis": "y", "origin": [2, 8.025, 1.1]},
			"faces": {
				"north": {"uv": [2, 8, 3, 9], "texture": "#3"},
				"east": {"uv": [2, 8, 3, 9], "texture": "#3"},
				"south": {"uv": [2, 8, 3, 9], "texture": "#3"},
				"west": {"uv": [2, 8, 3, 9], "texture": "#3"},
				"up": {"uv": [0, 0, 1, 1], "texture": "#3"},
				"down": {"uv": [0, 0, 1, 1], "texture": "#3"}
			}
		},
		{
			"from": [13.9, 9.1, 8.6],
			"to": [15.1, 13.9, 7.4],
			"light_emission": 15,
			"rotation": {"angle": 0, "axis": "y", "origin": [14, 8.025, 1.1]},
			"faces": {
				"north": {"uv": [14, 8, 15, 9], "texture": "#3"},
				"east": {"uv": [14, 8, 15, 9], "texture": "#3"},
				"south": {"uv": [14, 8, 15, 9], "texture": "#3"},
				"west": {"uv": [14, 8, 15, 9], "texture": "#3"},
				"up": {"uv": [0, 0, 1, 1], "texture": "#3"},
				"down": {"uv": [0, 0, 1, 1], "texture": "#3"}
			}
		},
		{
			"from": [3.1, 8, 8.6],
			"to": [3.9, 9.1, 7.4],
			"light_emission": 15,
			"rotation": {"angle": 0, "axis": "y", "origin": [3, 8.025, 1.1]},
			"faces": {
				"north": {"uv": [3, 7, 4, 8], "texture": "#3"},
				"east": {"uv": [0, 0, 1, 1], "texture": "#3"},
				"south": {"uv": [3, 7, 4, 8], "texture": "#3"},
				"west": {"uv": [0, 0, 1, 1], "texture": "#3"},
				"up": {"uv": [3, 7, 4, 8], "texture": "#3"},
				"down": {"uv": [0, 0, 1, 1], "texture": "#3"}
			}
		},
		{
			"from": [13.1, 8, 8.6],
			"to": [13.9, 9.1, 7.4],
			"light_emission": 15,
			"rotation": {"angle": 0, "axis": "y", "origin": [13, 8.025, 1.1]},
			"faces": {
				"north": {"uv": [13, 7, 14, 8], "texture": "#3"},
				"east": {"uv": [0, 0, 1, 1], "texture": "#3"},
				"south": {"uv": [13, 7, 14, 8], "texture": "#3"},
				"west": {"uv": [0, 0, 1, 1], "texture": "#3"},
				"up": {"uv": [13, 7, 14, 8], "texture": "#3"},
				"down": {"uv": [0, 0, 1, 1], "texture": "#3"}
			}
		},
		{
			"from": [3.9, 9.1, 8.6],
			"to": [5, 11, 7.4],
			"light_emission": 15,
			"rotation": {"angle": 0, "axis": "y", "origin": [4, 9.025, 1.1]},
			"faces": {
				"north": {"uv": [4, 6, 5, 7], "texture": "#3"},
				"east": {"uv": [0, 0, 1, 1], "texture": "#3"},
				"south": {"uv": [4, 6, 5, 7], "texture": "#3"},
				"west": {"uv": [4, 6, 5, 7], "texture": "#3"},
				"up": {"uv": [0, 0, 1, 1], "texture": "#3"},
				"down": {"uv": [0, 0, 1, 1], "texture": "#3"}
			}
		},
		{
			"from": [12, 9.1, 8.6],
			"to": [13.1, 11, 7.4],
			"light_emission": 15,
			"rotation": {"angle": 0, "axis": "y", "origin": [12, 9.025, 1.1]},
			"faces": {
				"north": {"uv": [12, 6, 13, 7], "texture": "#3"},
				"east": {"uv": [12, 6, 13, 7], "texture": "#3"},
				"south": {"uv": [12, 6, 13, 7], "texture": "#3"},
				"west": {"uv": [0, 0, 1, 1], "texture": "#3"},
				"up": {"uv": [0, 0, 1, 1], "texture": "#3"},
				"down": {"uv": [0, 0, 1, 1], "texture": "#3"}
			}
		},
		{
			"from": [3.9, 11, 8.6],
			"to": [5, 12.1, 7.4],
			"light_emission": 15,
			"rotation": {"angle": 0, "axis": "y", "origin": [4, 11.025, 1.1]},
			"faces": {
				"north": {"uv": [4, 4, 5, 5], "texture": "#3"},
				"east": {"uv": [0, 0, 1, 1], "texture": "#3"},
				"south": {"uv": [4, 4, 5, 5], "texture": "#3"},
				"west": {"uv": [4, 4, 5, 5], "texture": "#3"},
				"up": {"uv": [4, 4, 5, 5], "texture": "#3"},
				"down": {"uv": [0, 0, 1, 1], "texture": "#3"}
			}
		},
		{
			"from": [5, 11, 8.6],
			"to": [6.9, 12.1, 7.4],
			"light_emission": 15,
			"rotation": {"angle": 0, "axis": "y", "origin": [6, 11.025, 1.1]},
			"faces": {
				"north": {"uv": [6, 4, 7, 5], "texture": "#3"},
				"east": {"uv": [0, 0, 1, 1], "texture": "#3"},
				"south": {"uv": [6, 4, 7, 5], "texture": "#3"},
				"west": {"uv": [0, 0, 1, 1], "texture": "#3"},
				"up": {"uv": [6, 4, 7, 5], "texture": "#3"},
				"down": {"uv": [0, 0, 1, 1], "texture": "#3"}
			}
		},
		{
			"from": [10.1, 11, 8.6],
			"to": [12, 12.1, 7.4],
			"light_emission": 15,
			"rotation": {"angle": 0, "axis": "y", "origin": [10, 11.025, 1.1]},
			"faces": {
				"north": {"uv": [10, 4, 11, 5], "texture": "#3"},
				"east": {"uv": [0, 0, 1, 1], "texture": "#3"},
				"south": {"uv": [10, 4, 11, 5], "texture": "#3"},
				"west": {"uv": [0, 0, 1, 1], "texture": "#3"},
				"up": {"uv": [10, 4, 11, 5], "texture": "#3"},
				"down": {"uv": [0, 0, 1, 1], "texture": "#3"}
			}
		},
		{
			"from": [12, 11, 8.6],
			"to": [13.1, 12.1, 7.4],
			"light_emission": 15,
			"rotation": {"angle": 0, "axis": "y", "origin": [12, 11.025, 1.1]},
			"faces": {
				"north": {"uv": [12, 4, 13, 5], "texture": "#3"},
				"east": {"uv": [12, 4, 13, 5], "texture": "#3"},
				"south": {"uv": [12, 4, 13, 5], "texture": "#3"},
				"west": {"uv": [0, 0, 1, 1], "texture": "#3"},
				"up": {"uv": [12, 4, 13, 5], "texture": "#3"},
				"down": {"uv": [0, 0, 1, 1], "texture": "#3"}
			}
		},
		{
			"from": [6.9, 12.1, 8.6],
			"to": [7.9, 13.1, 7.4],
			"light_emission": 15,
			"rotation": {"angle": 0, "axis": "y", "origin": [7, 12.025, 1.1]},
			"faces": {
				"north": {"uv": [7, 3, 8, 4], "texture": "#3"},
				"east": {"uv": [0, 0, 1, 1], "texture": "#3"},
				"south": {"uv": [7, 3, 8, 4], "texture": "#3"},
				"west": {"uv": [7, 3, 8, 4], "texture": "#3"},
				"up": {"uv": [7, 3, 8, 4], "texture": "#3"},
				"down": {"uv": [0, 0, 1, 1], "texture": "#3"}
			}
		},
		{
			"from": [9.1, 12.1, 8.6],
			"to": [10.1, 13.1, 7.4],
			"light_emission": 15,
			"rotation": {"angle": 0, "axis": "y", "origin": [9, 12.025, 1.1]},
			"faces": {
				"north": {"uv": [9, 3, 10, 4], "texture": "#3"},
				"east": {"uv": [9, 3, 10, 4], "texture": "#3"},
				"south": {"uv": [9, 3, 10, 4], "texture": "#3"},
				"west": {"uv": [0, 0, 1, 1], "texture": "#3"},
				"up": {"uv": [9, 3, 10, 4], "texture": "#3"},
				"down": {"uv": [0, 0, 1, 1], "texture": "#3"}
			}
		},
		{
			"from": [7.9, 13.9, 8.6],
			"to": [9.1, 15.1, 7.4],
			"light_emission": 15,
			"rotation": {"angle": 0, "axis": "y", "origin": [8, 14.025, 1.1]},
			"faces": {
				"north": {"uv": [8, 1, 9, 2], "texture": "#3"},
				"east": {"uv": [0, 0, 1, 1], "texture": "#3"},
				"south": {"uv": [8, 1, 9, 2], "texture": "#3"},
				"west": {"uv": [0, 0, 1, 1], "texture": "#3"},
				"up": {"uv": [8, 1, 9, 2], "texture": "#3"},
				"down": {"uv": [0, 0, 1, 1], "texture": "#3"}
			}
		},
		{
			"from": [9.1, 13.9, 8.6],
			"to": [13.9, 15.1, 7.4],
			"light_emission": 15,
			"rotation": {"angle": 0, "axis": "y", "origin": [9, 14.025, 1.1]},
			"faces": {
				"north": {"uv": [8, 1, 9, 2], "texture": "#3"},
				"east": {"uv": [0, 0, 1, 1], "texture": "#3"},
				"south": {"uv": [8, 1, 9, 2], "texture": "#3"},
				"west": {"uv": [0, 0, 1, 1], "texture": "#3"},
				"up": {"uv": [8, 1, 9, 2], "texture": "#3"},
				"down": {"uv": [8, 1, 9, 2], "texture": "#3"}
			}
		},
		{
			"from": [13.9, 13.9, 8.6],
			"to": [15.1, 15.1, 7.4],
			"light_emission": 15,
			"rotation": {"angle": 0, "axis": "y", "origin": [10.2, 14.025, 1.1]},
			"faces": {
				"north": {"uv": [8, 1, 9, 2], "texture": "#3"},
				"east": {"uv": [8, 1, 9, 2], "texture": "#3"},
				"south": {"uv": [8, 1, 9, 2], "texture": "#3"},
				"west": {"uv": [0, 0, 1, 1], "texture": "#3"},
				"up": {"uv": [8, 1, 9, 2], "texture": "#3"},
				"down": {"uv": [0, 0, 1, 1], "texture": "#3"}
			}
		},
		{
			"from": [3.1, 13.9, 8.6],
			"to": [7.9, 15.1, 7.4],
			"light_emission": 15,
			"rotation": {"angle": 0, "axis": "y", "origin": [1.9, 14.025, 1.1]},
			"faces": {
				"north": {"uv": [8, 1, 9, 2], "texture": "#3"},
				"east": {"uv": [0, 0, 1, 1], "texture": "#3"},
				"south": {"uv": [8, 1, 9, 2], "texture": "#3"},
				"west": {"uv": [0, 0, 1, 1], "texture": "#3"},
				"up": {"uv": [8, 1, 9, 2], "texture": "#3"},
				"down": {"uv": [8, 1, 9, 2], "texture": "#3"}
			}
		},
		{
			"from": [1.9, 13.9, 8.6],
			"to": [3.1, 15.1, 7.4],
			"light_emission": 15,
			"rotation": {"angle": 0, "axis": "y", "origin": [0.7, 14.025, 1.1]},
			"faces": {
				"north": {"uv": [8, 1, 9, 2], "texture": "#3"},
				"east": {"uv": [0, 0, 1, 1], "texture": "#3"},
				"south": {"uv": [8, 1, 9, 2], "texture": "#3"},
				"west": {"uv": [8, 1, 9, 2], "texture": "#3"},
				"up": {"uv": [8, 1, 9, 2], "texture": "#3"},
				"down": {"uv": [0, 0, 1, 1], "texture": "#3"}
			}
		},
		{
			"from": [7.9, 13.1, 8.6],
			"to": [9.1, 13.9, 7.4],
			"light_emission": 15,
			"rotation": {"angle": 0, "axis": "y", "origin": [8, 13.025, 1.1]},
			"faces": {
				"north": {"uv": [8, 1, 9, 2], "texture": "#3"},
				"east": {"uv": [8, 1, 9, 2], "texture": "#3"},
				"south": {"uv": [8, 1, 9, 2], "texture": "#3"},
				"west": {"uv": [8, 1, 9, 2], "texture": "#3"},
				"up": {"uv": [0, 0, 1, 1], "texture": "#3"},
				"down": {"uv": [0, 0, 1, 1], "texture": "#3"}
			}
		},
		{
			"from": [5, 4, 8.6],
			"to": [12, 11, 7.4],
			"light_emission": 15,
			"rotation": {"angle": 0, "axis": "y", "origin": [5.1, 10.125, 1.1]},
			"faces": {
				"north": {"uv": [8, 1, 9, 2], "texture": "#3"},
				"east": {"uv": [0, 0, 1, 1], "texture": "#3"},
				"south": {"uv": [8, 1, 9, 2], "texture": "#3"},
				"west": {"uv": [0, 0, 1, 1], "texture": "#3"},
				"up": {"uv": [0, 0, 1, 1], "texture": "#3"},
				"down": {"uv": [0, 0, 1, 1], "texture": "#3"}
			}
		},
		{
			"from": [3.1, 7, 8.6],
			"to": [3.9, 8.1, 7.4],
			"light_emission": 15,
			"rotation": {"angle": 0, "axis": "y", "origin": [3.1, 10.125, 1.1]},
			"faces": {
				"north": {"uv": [8, 1, 9, 2], "texture": "#3"},
				"east": {"uv": [0, 0, 1, 1], "texture": "#3"},
				"south": {"uv": [8, 1, 9, 2], "texture": "#3"},
				"west": {"uv": [0, 0, 1, 1], "texture": "#3"},
				"up": {"uv": [0, 0, 1, 1], "texture": "#3"},
				"down": {"uv": [0, 0, 1, 1], "texture": "#3"}
			}
		},
		{
			"from": [13.1, 7, 8.6],
			"to": [13.9, 8.1, 7.4],
			"light_emission": 15,
			"rotation": {"angle": 0, "axis": "y", "origin": [13.1, 10.125, 1.1]},
			"faces": {
				"north": {"uv": [8, 1, 9, 2], "texture": "#3"},
				"east": {"uv": [0, 0, 1, 1], "texture": "#3"},
				"south": {"uv": [8, 1, 9, 2], "texture": "#3"},
				"west": {"uv": [0, 0, 1, 1], "texture": "#3"},
				"up": {"uv": [0, 0, 1, 1], "texture": "#3"},
				"down": {"uv": [0, 0, 1, 1], "texture": "#3"}
			}
		},
		{
			"from": [3.9, 5.9, 8.6],
			"to": [5, 9.1, 7.4],
			"light_emission": 15,
			"rotation": {"angle": 0, "axis": "y", "origin": [4.1, 10.125, 1.1]},
			"faces": {
				"north": {"uv": [8, 1, 9, 2], "texture": "#3"},
				"east": {"uv": [0, 0, 1, 1], "texture": "#3"},
				"south": {"uv": [8, 1, 9, 2], "texture": "#3"},
				"west": {"uv": [0, 0, 1, 1], "texture": "#3"},
				"up": {"uv": [0, 0, 1, 1], "texture": "#3"},
				"down": {"uv": [0, 0, 1, 1], "texture": "#3"}
			}
		},
		{
			"from": [12, 5.9, 8.6],
			"to": [13.1, 9.1, 7.4],
			"light_emission": 15,
			"rotation": {"angle": 0, "axis": "y", "origin": [12.2, 10.125, 1.1]},
			"faces": {
				"north": {"uv": [8, 1, 9, 2], "texture": "#3"},
				"east": {"uv": [0, 0, 1, 1], "texture": "#3"},
				"south": {"uv": [8, 1, 9, 2], "texture": "#3"},
				"west": {"uv": [0, 0, 1, 1], "texture": "#3"},
				"up": {"uv": [0, 0, 1, 1], "texture": "#3"},
				"down": {"uv": [0, 0, 1, 1], "texture": "#3"}
			}
		},
		{
			"from": [7.9, 12.1, 8.6],
			"to": [9.1, 13.1, 7.4],
			"light_emission": 15,
			"rotation": {"angle": 0, "axis": "y", "origin": [5.1, 12.125, 1.1]},
			"faces": {
				"north": {"uv": [8, 1, 9, 2], "texture": "#3"},
				"east": {"uv": [0, 0, 1, 1], "texture": "#3"},
				"south": {"uv": [8, 1, 9, 2], "texture": "#3"},
				"west": {"uv": [0, 0, 1, 1], "texture": "#3"},
				"up": {"uv": [0, 0, 1, 1], "texture": "#3"},
				"down": {"uv": [0, 0, 1, 1], "texture": "#3"}
			}
		},
		{
			"from": [8, 2.1, 8.6],
			"to": [9, 2.9, 7.4],
			"light_emission": 15,
			"rotation": {"angle": 0, "axis": "y", "origin": [5.1, 2.025, 1.1]},
			"faces": {
				"north": {"uv": [8, 1, 9, 2], "texture": "#3"},
				"east": {"uv": [0, 0, 1, 1], "texture": "#3"},
				"south": {"uv": [8, 1, 9, 2], "texture": "#3"},
				"west": {"uv": [0, 0, 1, 1], "texture": "#3"},
				"up": {"uv": [0, 0, 1, 1], "texture": "#3"},
				"down": {"uv": [0, 0, 1, 1], "texture": "#3"}
			}
		},
		{
			"from": [6.9, 11, 8.6],
			"to": [10.1, 12.1, 7.4],
			"light_emission": 15,
			"rotation": {"angle": 0, "axis": "y", "origin": [5.1, 11.125, 1.1]},
			"faces": {
				"north": {"uv": [8, 1, 9, 2], "texture": "#3"},
				"east": {"uv": [0, 0, 1, 1], "texture": "#3"},
				"south": {"uv": [8, 1, 9, 2], "texture": "#3"},
				"west": {"uv": [0, 0, 1, 1], "texture": "#3"},
				"up": {"uv": [0, 0, 1, 1], "texture": "#3"},
				"down": {"uv": [0, 0, 1, 1], "texture": "#3"}
			}
		},
		{
			"from": [6.9, 2.9, 8.6],
			"to": [10.1, 4, 7.4],
			"light_emission": 15,
			"rotation": {"angle": 0, "axis": "y", "origin": [5.1, 3.025, 1.1]},
			"faces": {
				"north": {"uv": [8, 1, 9, 2], "texture": "#3"},
				"east": {"uv": [0, 0, 1, 1], "texture": "#3"},
				"south": {"uv": [8, 1, 9, 2], "texture": "#3"},
				"west": {"uv": [0, 0, 1, 1], "texture": "#3"},
				"up": {"uv": [0, 0, 1, 1], "texture": "#3"},
				"down": {"uv": [0, 0, 1, 1], "texture": "#3"}
			}
		}
	],
	"gui_light": "front",
	"display": {
		"gui": {
			"scale": [1, 1, 1]
		}
	},
	"groups": [
		{
			"name": "emissive_1",
			"origin": [12, 15, 0],
			"color": 0,
			"children": [0, 1, 2, 3, 4, 5, 6, 7, 8, 9, 10, 11, 12, 13, 14, 15, 16, 17, 18, 19, 20, 21, 22, 23, 24, 25, 26, 27, 28, 29, 30, 31, 32, 33, 34, 35, 36, 37, 38, 39, 40, 41, 42, 43, 44, 45]
		}
	]
}