{
	"parent": "minecraft:item/generated",
	"credit": "Made with Blockbench",
	"textures": {
		"3": "item/enchanted_tool_overlays/enchantment_outline",
		"particle": "item/enchanted_tool_overlays/enchantment_outline"
	},
	"elements": [
		{
			"from": [7.9, 0.9, 8.6],
			"to": [9.1, 1.9, 7.4],
			"light_emission": 15,
			"rotation": {"angle": 0, "axis": "y", "origin": [8, 1.025, 1.1]},
			"faces": {
				"north": {"uv": [8, 14, 9, 15], "texture": "#3"},
				"east": {"uv": [8, 14, 9, 15], "texture": "#3"},
				"south": {"uv": [8, 14, 9, 15], "texture": "#3"},
				"west": {"uv": [8, 14, 9, 15], "texture": "#3"},
				"up": {"uv": [0, 0, 1, 1], "texture": "#3"},
				"down": {"uv": [8, 14, 9, 15], "texture": "#3"}
			}
		},
		{
			"from": [6.9, 1.9, 8.6],
			"to": [7.9, 2.9, 7.4],
			"light_emission": 15,
			"rotation": {"angle": 0, "axis": "y", "origin": [7, 2.025, 1.1]},
			"faces": {
				"north": {"uv": [7, 13, 8, 14], "texture": "#3"},
				"east": {"uv": [0, 0, 1, 1], "texture": "#3"},
				"south": {"uv": [7, 13, 8, 14], "texture": "#3"},
				"west": {"uv": [7, 13, 8, 14], "texture": "#3"},
				"up": {"uv": [0, 0, 1, 1], "texture": "#3"},
				"down": {"uv": [7, 13, 8, 14], "texture": "#3"}
			}
		},
		{
			"from": [9.1, 1.9, 8.6],
			"to": [10.1, 2.9, 7.4],
			"light_emission": 15,
			"rotation": {"angle": 0, "axis": "y", "origin": [9, 2.025, 1.1]},
			"faces": {
				"north": {"uv": [9, 13, 10, 14], "texture": "#3"},
				"east": {"uv": [9, 13, 10, 14], "texture": "#3"},
				"south": {"uv": [9, 13, 10, 14], "texture": "#3"},
				"west": {"uv": [0, 0, 1, 1], "texture": "#3"},
				"up": {"uv": [0, 0, 1, 1], "texture": "#3"},
				"down": {"uv": [9, 13, 10, 14], "texture": "#3"}
			}
		},
		{
			"from": [5.9, 2.9, 8.6],
			"to": [6.9, 4.9, 7.4],
			"light_emission": 15,
			"rotation": {"angle": 0, "axis": "y", "origin": [6, 4.025, 1.1]},
			"faces": {
				"north": {"uv": [6, 11, 7, 12], "texture": "#3"},
				"east": {"uv": [0, 0, 1, 1], "texture": "#3"},
				"south": {"uv": [6, 11, 7, 12], "texture": "#3"},
				"west": {"uv": [6, 11, 7, 12], "texture": "#3"},
				"up": {"uv": [0, 0, 1, 1], "texture": "#3"},
				"down": {"uv": [6, 11, 7, 12], "texture": "#3"}
			}
		},
		{
			"from": [10.1, 2.9, 8.6],
			"to": [11.1, 4.9, 7.4],
			"light_emission": 15,
			"rotation": {"angle": 0, "axis": "y", "origin": [10, 4.025, 1.1]},
			"faces": {
				"north": {"uv": [10, 11, 11, 12], "texture": "#3"},
				"east": {"uv": [10, 11, 11, 12], "texture": "#3"},
				"south": {"uv": [10, 11, 11, 12], "texture": "#3"},
				"west": {"uv": [0, 0, 1, 1], "texture": "#3"},
				"up": {"uv": [0, 0, 1, 1], "texture": "#3"},
				"down": {"uv": [10, 11, 11, 12], "texture": "#3"}
			}
		},
		{
			"from": [3.9, 4.9, 8.6],
			"to": [5.9, 5.9, 7.4],
			"light_emission": 15,
			"rotation": {"angle": 0, "axis": "y", "origin": [5, 5.025, 1.1]},
			"faces": {
				"north": {"uv": [5, 10, 6, 11], "texture": "#3"},
				"east": {"uv": [0, 0, 1, 1], "texture": "#3"},
				"south": {"uv": [5, 10, 6, 11], "texture": "#3"},
				"west": {"uv": [5, 10, 6, 11], "texture": "#3"},
				"up": {"uv": [0, 0, 1, 1], "texture": "#3"},
				"down": {"uv": [5, 10, 6, 11], "texture": "#3"}
			}
		},
		{
			"from": [11.1, 4.9, 8.6],
			"to": [13.1, 5.9, 7.4],
			"light_emission": 15,
			"rotation": {"angle": 0, "axis": "y", "origin": [11, 5.025, 1.1]},
			"faces": {
				"north": {"uv": [11, 10, 12, 11], "texture": "#3"},
				"east": {"uv": [11, 10, 12, 11], "texture": "#3"},
				"south": {"uv": [11, 10, 12, 11], "texture": "#3"},
				"west": {"uv": [0, 0, 1, 1], "texture": "#3"},
				"up": {"uv": [0, 0, 1, 1], "texture": "#3"},
				"down": {"uv": [11, 10, 12, 11], "texture": "#3"}
			}
		},
		{
			"from": [2.9, 5.9, 8.6],
			"to": [3.9, 6.9, 7.4],
			"light_emission": 15,
			"rotation": {"angle": 0, "axis": "y", "origin": [3, 6.025, 1.1]},
			"faces": {
				"north": {"uv": [3, 9, 4, 10], "texture": "#3"},
				"east": {"uv": [0, 0, 1, 1], "texture": "#3"},
				"south": {"uv": [3, 9, 4, 10], "texture": "#3"},
				"west": {"uv": [3, 9, 4, 10], "texture": "#3"},
				"up": {"uv": [0, 0, 1, 1], "texture": "#3"},
				"down": {"uv": [3, 9, 4, 10], "texture": "#3"}
			}
		},
		{
			"from": [13.1, 5.9, 8.6],
			"to": [14.1, 6.9, 7.4],
			"light_emission": 15,
			"rotation": {"angle": 0, "axis": "y", "origin": [13, 6.025, 1.1]},
			"faces": {
				"north": {"uv": [13, 9, 14, 10], "texture": "#3"},
				"east": {"uv": [13, 9, 14, 10], "texture": "#3"},
				"south": {"uv": [13, 9, 14, 10], "texture": "#3"},
				"west": {"uv": [0, 0, 1, 1], "texture": "#3"},
				"up": {"uv": [0, 0, 1, 1], "texture": "#3"},
				"down": {"uv": [13, 9, 14, 10], "texture": "#3"}
			}
		},
		{
			"from": [1.9, 6.9, 8.6],
			"to": [2.9, 8.1, 7.4],
			"light_emission": 15,
			"rotation": {"angle": 0, "axis": "y", "origin": [2, 7.025, 1.1]},
			"faces": {
				"north": {"uv": [2, 8, 3, 9], "texture": "#3"},
				"east": {"uv": [0, 0, 1, 1], "texture": "#3"},
				"south": {"uv": [2, 8, 3, 9], "texture": "#3"},
				"west": {"uv": [2, 8, 3, 9], "texture": "#3"},
				"up": {"uv": [2, 8, 3, 9], "texture": "#3"},
				"down": {"uv": [2, 8, 3, 9], "texture": "#3"}
			}
		},
		{
			"from": [14.1, 6.9, 8.6],
			"to": [15.1, 8.1, 7.4],
			"light_emission": 15,
			"rotation": {"angle": 0, "axis": "y", "origin": [14, 7.025, 1.1]},
			"faces": {
				"north": {"uv": [14, 8, 15, 9], "texture": "#3"},
				"east": {"uv": [14, 8, 15, 9], "texture": "#3"},
				"south": {"uv": [14, 8, 15, 9], "texture": "#3"},
				"west": {"uv": [0, 0, 1, 1], "texture": "#3"},
				"up": {"uv": [14, 8, 15, 9], "texture": "#3"},
				"down": {"uv": [14, 8, 15, 9], "texture": "#3"}
			}
		},
		{
			"from": [2.9, 8.1, 8.6],
			"to": [3.9, 9.1, 7.4],
			"light_emission": 15,
			"rotation": {"angle": 0, "axis": "y", "origin": [3, 8.025, 1.1]},
			"faces": {
				"north": {"uv": [3, 7, 4, 8], "texture": "#3"},
				"east": {"uv": [0, 0, 1, 1], "texture": "#3"},
				"south": {"uv": [3, 7, 4, 8], "texture": "#3"},
				"west": {"uv": [3, 7, 4, 8], "texture": "#3"},
				"up": {"uv": [3, 7, 4, 8], "texture": "#3"},
				"down": {"uv": [0, 0, 1, 1], "texture": "#3"}
			}
		},
		{
			"from": [13.1, 8.1, 8.6],
			"to": [14.1, 9.1, 7.4],
			"light_emission": 15,
			"rotation": {"angle": 0, "axis": "y", "origin": [13, 8.025, 1.1]},
			"faces": {
				"north": {"uv": [13, 7, 14, 8], "texture": "#3"},
				"east": {"uv": [13, 7, 14, 8], "texture": "#3"},
				"south": {"uv": [13, 7, 14, 8], "texture": "#3"},
				"west": {"uv": [0, 0, 1, 1], "texture": "#3"},
				"up": {"uv": [13, 7, 14, 8], "texture": "#3"},
				"down": {"uv": [0, 0, 1, 1], "texture": "#3"}
			}
		},
		{
			"from": [3.9, 9.1, 8.6],
			"to": [5.9, 10.1, 7.4],
			"light_emission": 15,
			"rotation": {"angle": 0, "axis": "y", "origin": [5, 9.025, 1.1]},
			"faces": {
				"north": {"uv": [5, 6, 6, 7], "texture": "#3"},
				"east": {"uv": [0, 0, 1, 1], "texture": "#3"},
				"south": {"uv": [5, 6, 6, 7], "texture": "#3"},
				"west": {"uv": [5, 6, 6, 7], "texture": "#3"},
				"up": {"uv": [5, 6, 6, 7], "texture": "#3"},
				"down": {"uv": [0, 0, 1, 1], "texture": "#3"}
			}
		},
		{
			"from": [11.1, 9.1, 8.6],
			"to": [13.1, 10.1, 7.4],
			"light_emission": 15,
			"rotation": {"angle": 0, "axis": "y", "origin": [11, 9.025, 1.1]},
			"faces": {
				"north": {"uv": [11, 6, 12, 7], "texture": "#3"},
				"east": {"uv": [11, 6, 12, 7], "texture": "#3"},
				"south": {"uv": [11, 6, 12, 7], "texture": "#3"},
				"west": {"uv": [0, 0, 1, 1], "texture": "#3"},
				"up": {"uv": [11, 6, 12, 7], "texture": "#3"},
				"down": {"uv": [0, 0, 1, 1], "texture": "#3"}
			}
		},
		{
			"from": [5.9, 10.1, 8.6],
			"to": [6.9, 12.1, 7.4],
			"light_emission": 15,
			"rotation": {"angle": 0, "axis": "y", "origin": [6, 10.025, 1.1]},
			"faces": {
				"north": {"uv": [6, 5, 7, 6], "texture": "#3"},
				"east": {"uv": [0, 0, 1, 1], "texture": "#3"},
				"south": {"uv": [6, 5, 7, 6], "texture": "#3"},
				"west": {"uv": [6, 5, 7, 6], "texture": "#3"},
				"up": {"uv": [6, 5, 7, 6], "texture": "#3"},
				"down": {"uv": [0, 0, 1, 1], "texture": "#3"}
			}
		},
		{
			"from": [10.1, 10.1, 8.6],
			"to": [11.1, 12.1, 7.4],
			"light_emission": 15,
			"rotation": {"angle": 0, "axis": "y", "origin": [10, 10.025, 1.1]},
			"faces": {
				"north": {"uv": [10, 5, 11, 6], "texture": "#3"},
				"east": {"uv": [10, 5, 11, 6], "texture": "#3"},
				"south": {"uv": [10, 5, 11, 6], "texture": "#3"},
				"west": {"uv": [0, 0, 1, 1], "texture": "#3"},
				"up": {"uv": [10, 5, 11, 6], "texture": "#3"},
				"down": {"uv": [0, 0, 1, 1], "texture": "#3"}
			}
		},
		{
			"from": [6.9, 12.1, 8.6],
			"to": [7.9, 13.1, 7.4],
			"light_emission": 15,
			"rotation": {"angle": 0, "axis": "y", "origin": [7, 12.025, 1.1]},
			"faces": {
				"north": {"uv": [7, 3, 8, 4], "texture": "#3"},
				"east": {"uv": [0, 0, 1, 1], "texture": "#3"},
				"south": {"uv": [7, 3, 8, 4], "texture": "#3"},
				"west": {"uv": [7, 3, 8, 4], "texture": "#3"},
				"up": {"uv": [7, 3, 8, 4], "texture": "#3"},
				"down": {"uv": [0, 0, 1, 1], "texture": "#3"}
			}
		},
		{
			"from": [9.1, 12.1, 8.6],
			"to": [10.1, 13.1, 7.4],
			"light_emission": 15,
			"rotation": {"angle": 0, "axis": "y", "origin": [9, 12.025, 1.1]},
			"faces": {
				"north": {"uv": [9, 3, 10, 4], "texture": "#3"},
				"east": {"uv": [9, 3, 10, 4], "texture": "#3"},
				"south": {"uv": [9, 3, 10, 4], "texture": "#3"},
				"west": {"uv": [0, 0, 1, 1], "texture": "#3"},
				"up": {"uv": [9, 3, 10, 4], "texture": "#3"},
				"down": {"uv": [0, 0, 1, 1], "texture": "#3"}
			}
		},
		{
			"from": [7.9, 13.1, 8.6],
			"to": [9.1, 14.1, 7.4],
			"light_emission": 15,
			"rotation": {"angle": 0, "axis": "y", "origin": [8, 13.025, 1.1]},
			"faces": {
				"north": {"uv": [8, 2, 9, 3], "texture": "#3"},
				"east": {"uv": [8, 2, 9, 3], "texture": "#3"},
				"south": {"uv": [8, 2, 9, 3], "texture": "#3"},
				"west": {"uv": [8, 2, 9, 3], "texture": "#3"},
				"up": {"uv": [8, 2, 9, 3], "texture": "#3"},
				"down": {"uv": [0, 0, 1, 1], "texture": "#3"}
			}
		},
		{
			"from": [5.9, 4.9, 8.6],
			"to": [11.1, 10.1, 7.4],
			"light_emission": 15,
			"rotation": {"angle": 0, "axis": "y", "origin": [6, 9.025, 1.1]},
			"faces": {
				"north": {"uv": [8, 2, 9, 3], "texture": "#3"},
				"east": {"uv": [0, 0, 1, 1], "texture": "#3"},
				"south": {"uv": [8, 2, 9, 3], "texture": "#3"},
				"west": {"uv": [0, 0, 1, 1], "texture": "#3"},
				"up": {"uv": [0, 0, 1, 1], "texture": "#3"},
				"down": {"uv": [0, 0, 1, 1], "texture": "#3"}
			}
		},
		{
			"from": [3.9, 5.9, 8.6],
			"to": [5.9, 9.1, 7.4],
			"light_emission": 15,
			"rotation": {"angle": 0, "axis": "y", "origin": [4, 9.025, 1.1]},
			"faces": {
				"north": {"uv": [8, 2, 9, 3], "texture": "#3"},
				"east": {"uv": [0, 0, 1, 1], "texture": "#3"},
				"south": {"uv": [8, 2, 9, 3], "texture": "#3"},
				"west": {"uv": [0, 0, 1, 1], "texture": "#3"},
				"up": {"uv": [0, 0, 1, 1], "texture": "#3"},
				"down": {"uv": [0, 0, 1, 1], "texture": "#3"}
			}
		},
		{
			"from": [11.1, 5.9, 8.6],
			"to": [13.1, 9.1, 7.4],
			"light_emission": 15,
			"rotation": {"angle": 0, "axis": "y", "origin": [11.2, 9.025, 1.1]},
			"faces": {
				"north": {"uv": [8, 2, 9, 3], "texture": "#3"},
				"east": {"uv": [0, 0, 1, 1], "texture": "#3"},
				"south": {"uv": [8, 2, 9, 3], "texture": "#3"},
				"west": {"uv": [0, 0, 1, 1], "texture": "#3"},
				"up": {"uv": [0, 0, 1, 1], "texture": "#3"},
				"down": {"uv": [0, 0, 1, 1], "texture": "#3"}
			}
		},
		{
			"from": [13.1, 6.9, 8.6],
			"to": [14.1, 8.1, 7.4],
			"light_emission": 15,
			"rotation": {"angle": 0, "axis": "y", "origin": [12.2, 9.025, 1.1]},
			"faces": {
				"north": {"uv": [8, 2, 9, 3], "texture": "#3"},
				"east": {"uv": [0, 0, 1, 1], "texture": "#3"},
				"south": {"uv": [8, 2, 9, 3], "texture": "#3"},
				"west": {"uv": [0, 0, 1, 1], "texture": "#3"},
				"up": {"uv": [0, 0, 1, 1], "texture": "#3"},
				"down": {"uv": [0, 0, 1, 1], "texture": "#3"}
			}
		},
		{
			"from": [2.9, 6.9, 8.6],
			"to": [3.9, 8.1, 7.4],
			"light_emission": 15,
			"rotation": {"angle": 0, "axis": "y", "origin": [2, 9.025, 1.1]},
			"faces": {
				"north": {"uv": [8, 2, 9, 3], "texture": "#3"},
				"east": {"uv": [0, 0, 1, 1], "texture": "#3"},
				"south": {"uv": [8, 2, 9, 3], "texture": "#3"},
				"west": {"uv": [0, 0, 1, 1], "texture": "#3"},
				"up": {"uv": [0, 0, 1, 1], "texture": "#3"},
				"down": {"uv": [0, 0, 1, 1], "texture": "#3"}
			}
		},
		{
			"from": [6.9, 10.1, 8.6],
			"to": [10.1, 12.1, 7.4],
			"light_emission": 15,
			"rotation": {"angle": 0, "axis": "y", "origin": [6, 11.025, 1.1]},
			"faces": {
				"north": {"uv": [8, 2, 9, 3], "texture": "#3"},
				"east": {"uv": [0, 0, 1, 1], "texture": "#3"},
				"south": {"uv": [8, 2, 9, 3], "texture": "#3"},
				"west": {"uv": [0, 0, 1, 1], "texture": "#3"},
				"up": {"uv": [0, 0, 1, 1], "texture": "#3"},
				"down": {"uv": [0, 0, 1, 1], "texture": "#3"}
			}
		},
		{
			"from": [7.9, 12.1, 8.6],
			"to": [9.1, 13.1, 7.4],
			"light_emission": 15,
			"rotation": {"angle": 0, "axis": "y", "origin": [6, 12.025, 1.1]},
			"faces": {
				"north": {"uv": [8, 2, 9, 3], "texture": "#3"},
				"east": {"uv": [0, 0, 1, 1], "texture": "#3"},
				"south": {"uv": [8, 2, 9, 3], "texture": "#3"},
				"west": {"uv": [0, 0, 1, 1], "texture": "#3"},
				"up": {"uv": [0, 0, 1, 1], "texture": "#3"},
				"down": {"uv": [0, 0, 1, 1], "texture": "#3"}
			}
		},
		{
			"from": [7.9, 1.9, 8.6],
			"to": [9.1, 2.9, 7.4],
			"light_emission": 15,
			"rotation": {"angle": 0, "axis": "y", "origin": [6, 1.825, 1.1]},
			"faces": {
				"north": {"uv": [8, 2, 9, 3], "texture": "#3"},
				"east": {"uv": [0, 0, 1, 1], "texture": "#3"},
				"south": {"uv": [8, 2, 9, 3], "texture": "#3"},
				"west": {"uv": [0, 0, 1, 1], "texture": "#3"},
				"up": {"uv": [0, 0, 1, 1], "texture": "#3"},
				"down": {"uv": [0, 0, 1, 1], "texture": "#3"}
			}
		},
		{
			"from": [6.9, 2.9, 8.6],
			"to": [10.1, 4.9, 7.4],
			"light_emission": 15,
			"rotation": {"angle": 0, "axis": "y", "origin": [6, 3.825, 1.1]},
			"faces": {
				"north": {"uv": [8, 2, 9, 3], "texture": "#3"},
				"east": {"uv": [0, 0, 1, 1], "texture": "#3"},
				"south": {"uv": [8, 2, 9, 3], "texture": "#3"},
				"west": {"uv": [0, 0, 1, 1], "texture": "#3"},
				"up": {"uv": [0, 0, 1, 1], "texture": "#3"},
				"down": {"uv": [0, 0, 1, 1], "texture": "#3"}
			}
		}
	],
	"gui_light": "front",
	"display": {
		"gui": {
			"scale": [1, 1, 1]
		}
	},
	"groups": [
		{
			"name": "emissive_1",
			"origin": [12, 15, 0],
			"color": 0,
			"children": [0, 1, 2, 3, 4, 5, 6, 7, 8, 9, 10, 11, 12, 13, 14, 15, 16, 17, 18, 19, 20, 21, 22, 23, 24, 25, 26, 27, 28]
		}
	]
}