{
  "targets": {
    "swap": {}
  },
  "passes": [
    {
      "vertex_shader": "minecraft:post/blur",
      "fragment_shader": "minecraft:post/entityglow",
      "inputs": [
        {
          "sampler_name": "In",
          "target": "minecraft:entity_outline"
        }
      ],
      "output": "swap",
      "uniforms": {
        "BlurConfig": [
          {
            "name": "BlurDir",
            "type": "vec2",
            "value": [ 1.0, 0.0 ]
          },
          {
            "name": "Radius",
            "type": "float",
            "value": 3.0
          }
        ]
      }
    },
    {
      "vertex_shader": "minecraft:post/blur",
      "fragment_shader": "minecraft:post/entityglow",
      "inputs": [
        {
          "sampler_name": "In",
          "target": "swap"
        }
      ],
      "output": "minecraft:entity_outline",
      "uniforms": {
        "BlurConfig": [
          {
            "name": "BlurDir",
            "type": "vec2",
            "value": [ 0.0, 1.0 ]
          },
          {
            "name": "Radius",
            "type": "float",
            "value": 3.0
          }
        ]
      }
    }
  ]
}
