{
	"providers": [
		{
			"type": "bitmap",
			"file": "minecraft:font/mace_texture.png",
			"ascent": 8,
			"height": 8,
			"chars": [
				"\uE400"
			]
		},
		{
			"type": "bitmap",
			"file": "minecraft:font/helmet_texture.png",
			"ascent": 8,
			"height": 8,
			"chars": [
				"\uE401"
			]
		},
		{
			"type": "bitmap",
			"file": "minecraft:font/leggings_texture.png",
			"ascent": 8,
			"height": 8,
			"chars": [
				"\uE402"
			]
		},
		{
			"type": "bitmap",
			"file": "minecraft:font/boots_texture.png",
			"ascent": 8,
			"height": 8,
			"chars": [
				"\uE403"
			]
		},
		{
			"type": "bitmap",
			"file": "minecraft:font/crossbow_texture.png",
			"ascent": 8,
			"height": 8,
			"chars": [
				"\uE404"
			]
		}
	]
}