{
	"parent": "minecraft:item/handheld",
	"credit": "Made with Blockbench",
	"textures": {
		"glow": "item/enchanted_tool_overlays/enchantment_outline",
		"particle": "item/enchanted_tool_overlays/enchantment_outline"
	},
	"elements": [
		{
			"from": [2.925, 0.925, 8.6],
			"to": [5.125, 1.925, 7.4],
			"light_emission": 15,
			"rotation": {"angle": 0, "axis": "y", "origin": [3.025, 1.025, 3.3]},
			"faces": {
				"north": {"uv": [3, 14, 4, 15], "texture": "#glow"},
				"east": {"uv": [3, 14, 4, 15], "texture": "#glow"},
				"south": {"uv": [3, 14, 4, 15], "texture": "#glow"},
				"west": {"uv": [3, 14, 4, 15], "texture": "#glow"},
				"up": {"uv": [0, 0, 1, 1], "texture": "#glow"},
				"down": {"uv": [3, 14, 4, 15], "texture": "#glow"}
			}
		},
		{
			"from": [1.925, 1.925, 8.6],
			"to": [2.925, 4.125, 7.4],
			"light_emission": 15,
			"rotation": {"angle": 0, "axis": "y", "origin": [2.025, 2.025, 3.3]},
			"faces": {
				"north": {"uv": [2, 13, 3, 14], "texture": "#glow"},
				"east": {"uv": [0, 0, 1, 1], "texture": "#glow"},
				"south": {"uv": [2, 13, 3, 14], "texture": "#glow"},
				"west": {"uv": [2, 13, 3, 14], "texture": "#glow"},
				"up": {"uv": [2, 13, 3, 14], "texture": "#glow"},
				"down": {"uv": [2, 13, 3, 14], "texture": "#glow"}
			}
		},
		{
			"from": [4.125, 1.925, 8.6],
			"to": [5.125, 2.925, 7.4],
			"light_emission": 15,
			"rotation": {"angle": 0, "axis": "y", "origin": [4.025, 2.025, 3.3]},
			"faces": {
				"north": {"uv": [4, 13, 5, 14], "texture": "#glow"},
				"east": {"uv": [4, 13, 5, 14], "texture": "#glow"},
				"south": {"uv": [4, 13, 5, 14], "texture": "#glow"},
				"west": {"uv": [0, 0, 1, 1], "texture": "#glow"},
				"up": {"uv": [0, 0, 1, 1], "texture": "#glow"},
				"down": {"uv": [0, 0, 1, 1], "texture": "#glow"}
			}
		},
		{
			"from": [2.925, 3.125, 8.6],
			"to": [3.925, 4.125, 7.4],
			"light_emission": 15,
			"rotation": {"angle": 0, "axis": "y", "origin": [3.025, 3.025, 3.3]},
			"faces": {
				"north": {"uv": [3, 12, 4, 13], "texture": "#glow"},
				"east": {"uv": [0, 0, 1, 1], "texture": "#glow"},
				"south": {"uv": [3, 12, 4, 13], "texture": "#glow"},
				"west": {"uv": [0, 0, 1, 1], "texture": "#glow"},
				"up": {"uv": [3, 12, 4, 13], "texture": "#glow"},
				"down": {"uv": [0, 0, 1, 1], "texture": "#glow"}
			}
		},
		{
			"from": [5.125, 2.925, 8.6],
			"to": [6.125, 3.925, 7.4],
			"light_emission": 15,
			"rotation": {"angle": 0, "axis": "y", "origin": [5.025, 3.025, 3.3]},
			"faces": {
				"north": {"uv": [5, 12, 6, 13], "texture": "#glow"},
				"east": {"uv": [5, 12, 6, 13], "texture": "#glow"},
				"south": {"uv": [5, 12, 6, 13], "texture": "#glow"},
				"west": {"uv": [0, 0, 1, 1], "texture": "#glow"},
				"up": {"uv": [0, 0, 1, 1], "texture": "#glow"},
				"down": {"uv": [5, 12, 6, 13], "texture": "#glow"}
			}
		},
		{
			"from": [3.925, 4.125, 8.6],
			"to": [4.925, 5.125, 7.4],
			"light_emission": 15,
			"rotation": {"angle": 0, "axis": "y", "origin": [4.025, 4.025, 3.3]},
			"faces": {
				"north": {"uv": [4, 11, 5, 12], "texture": "#glow"},
				"east": {"uv": [0, 0, 1, 1], "texture": "#glow"},
				"south": {"uv": [4, 11, 5, 12], "texture": "#glow"},
				"west": {"uv": [4, 11, 5, 12], "texture": "#glow"},
				"up": {"uv": [4, 11, 5, 12], "texture": "#glow"},
				"down": {"uv": [0, 0, 1, 1], "texture": "#glow"}
			}
		},
		{
			"from": [6.125, 3.925, 8.6],
			"to": [7.125, 4.925, 7.4],
			"light_emission": 15,
			"rotation": {"angle": 0, "axis": "y", "origin": [6.025, 4.025, 3.3]},
			"faces": {
				"north": {"uv": [6, 11, 7, 12], "texture": "#glow"},
				"east": {"uv": [6, 11, 7, 12], "texture": "#glow"},
				"south": {"uv": [6, 11, 7, 12], "texture": "#glow"},
				"west": {"uv": [0, 0, 1, 1], "texture": "#glow"},
				"up": {"uv": [0, 0, 1, 1], "texture": "#glow"},
				"down": {"uv": [6, 11, 7, 12], "texture": "#glow"}
			}
		},
		{
			"from": [4.925, 5.125, 8.6],
			"to": [5.925, 6.125, 7.4],
			"light_emission": 15,
			"rotation": {"angle": 0, "axis": "y", "origin": [5.025, 5.025, 3.3]},
			"faces": {
				"north": {"uv": [5, 10, 6, 11], "texture": "#glow"},
				"east": {"uv": [0, 0, 1, 1], "texture": "#glow"},
				"south": {"uv": [5, 10, 6, 11], "texture": "#glow"},
				"west": {"uv": [5, 10, 6, 11], "texture": "#glow"},
				"up": {"uv": [5, 10, 6, 11], "texture": "#glow"},
				"down": {"uv": [0, 0, 1, 1], "texture": "#glow"}
			}
		},
		{
			"from": [7.125, 4.925, 8.6],
			"to": [8.125, 5.925, 7.4],
			"light_emission": 15,
			"rotation": {"angle": 0, "axis": "y", "origin": [7.025, 5.025, 3.3]},
			"faces": {
				"north": {"uv": [7, 10, 8, 11], "texture": "#glow"},
				"east": {"uv": [7, 10, 8, 11], "texture": "#glow"},
				"south": {"uv": [7, 10, 8, 11], "texture": "#glow"},
				"west": {"uv": [0, 0, 1, 1], "texture": "#glow"},
				"up": {"uv": [0, 0, 1, 1], "texture": "#glow"},
				"down": {"uv": [7, 10, 8, 11], "texture": "#glow"}
			}
		},
		{
			"from": [5.925, 6.125, 8.6],
			"to": [6.925, 7.125, 7.4],
			"light_emission": 15,
			"rotation": {"angle": 0, "axis": "y", "origin": [6.025, 6.025, 3.3]},
			"faces": {
				"north": {"uv": [6, 9, 7, 10], "texture": "#glow"},
				"east": {"uv": [0, 0, 1, 1], "texture": "#glow"},
				"south": {"uv": [6, 9, 7, 10], "texture": "#glow"},
				"west": {"uv": [6, 9, 7, 10], "texture": "#glow"},
				"up": {"uv": [6, 9, 7, 10], "texture": "#glow"},
				"down": {"uv": [0, 0, 1, 1], "texture": "#glow"}
			}
		},
		{
			"from": [8.125, 5.925, 8.6],
			"to": [9.125, 6.925, 7.4],
			"light_emission": 15,
			"rotation": {"angle": 0, "axis": "y", "origin": [8.025, 6.025, 3.3]},
			"faces": {
				"north": {"uv": [8, 9, 9, 10], "texture": "#glow"},
				"east": {"uv": [8, 9, 9, 10], "texture": "#glow"},
				"south": {"uv": [8, 9, 9, 10], "texture": "#glow"},
				"west": {"uv": [0, 0, 1, 1], "texture": "#glow"},
				"up": {"uv": [0, 0, 1, 1], "texture": "#glow"},
				"down": {"uv": [8, 9, 9, 10], "texture": "#glow"}
			}
		},
		{
			"from": [6.925, 7.125, 8.6],
			"to": [7.925, 8.125, 7.4],
			"light_emission": 15,
			"rotation": {"angle": 0, "axis": "y", "origin": [7.025, 7.025, 3.3]},
			"faces": {
				"north": {"uv": [7, 8, 8, 9], "texture": "#glow"},
				"east": {"uv": [0, 0, 1, 1], "texture": "#glow"},
				"south": {"uv": [7, 8, 8, 9], "texture": "#glow"},
				"west": {"uv": [7, 8, 8, 9], "texture": "#glow"},
				"up": {"uv": [7, 8, 8, 9], "texture": "#glow"},
				"down": {"uv": [0, 0, 1, 1], "texture": "#glow"}
			}
		},
		{
			"from": [9.125, 6.925, 8.6],
			"to": [10.125, 7.925, 7.4],
			"light_emission": 15,
			"rotation": {"angle": 0, "axis": "y", "origin": [9.025, 7.025, 3.3]},
			"faces": {
				"north": {"uv": [9, 8, 10, 9], "texture": "#glow"},
				"east": {"uv": [9, 8, 10, 9], "texture": "#glow"},
				"south": {"uv": [9, 8, 10, 9], "texture": "#glow"},
				"west": {"uv": [0, 0, 1, 1], "texture": "#glow"},
				"up": {"uv": [0, 0, 1, 1], "texture": "#glow"},
				"down": {"uv": [9, 8, 10, 9], "texture": "#glow"}
			}
		},
		{
			"from": [10.925, 6.925, 8.6],
			"to": [12.125, 7.925, 7.4],
			"light_emission": 15,
			"rotation": {"angle": 0, "axis": "y", "origin": [11.025, 7.025, 3.3]},
			"faces": {
				"north": {"uv": [11, 8, 12, 9], "texture": "#glow"},
				"east": {"uv": [11, 8, 12, 9], "texture": "#glow"},
				"south": {"uv": [11, 8, 12, 9], "texture": "#glow"},
				"west": {"uv": [11, 8, 12, 9], "texture": "#glow"},
				"up": {"uv": [0, 0, 1, 1], "texture": "#glow"},
				"down": {"uv": [11, 8, 12, 9], "texture": "#glow"}
			}
		},
		{
			"from": [7.925, 8.125, 8.6],
			"to": [8.925, 9.125, 7.4],
			"light_emission": 15,
			"rotation": {"angle": 0, "axis": "y", "origin": [8.025, 8.025, 3.3]},
			"faces": {
				"north": {"uv": [8, 7, 9, 8], "texture": "#glow"},
				"east": {"uv": [0, 0, 1, 1], "texture": "#glow"},
				"south": {"uv": [8, 7, 9, 8], "texture": "#glow"},
				"west": {"uv": [8, 7, 9, 8], "texture": "#glow"},
				"up": {"uv": [8, 7, 9, 8], "texture": "#glow"},
				"down": {"uv": [0, 0, 1, 1], "texture": "#glow"}
			}
		},
		{
			"from": [10.125, 7.925, 8.6],
			"to": [10.925, 8.925, 7.4],
			"light_emission": 15,
			"rotation": {"angle": 0, "axis": "y", "origin": [10.025, 8.025, 3.3]},
			"faces": {
				"north": {"uv": [10, 7, 11, 8], "texture": "#glow"},
				"east": {"uv": [0, 0, 1, 1], "texture": "#glow"},
				"south": {"uv": [10, 7, 11, 8], "texture": "#glow"},
				"west": {"uv": [0, 0, 1, 1], "texture": "#glow"},
				"up": {"uv": [0, 0, 1, 1], "texture": "#glow"},
				"down": {"uv": [10, 7, 11, 8], "texture": "#glow"}
			}
		},
		{
			"from": [12.125, 7.925, 8.6],
			"to": [13.125, 8.925, 7.4],
			"light_emission": 15,
			"rotation": {"angle": 0, "axis": "y", "origin": [12.025, 8.025, 3.3]},
			"faces": {
				"north": {"uv": [12, 7, 13, 8], "texture": "#glow"},
				"east": {"uv": [12, 7, 13, 8], "texture": "#glow"},
				"south": {"uv": [12, 7, 13, 8], "texture": "#glow"},
				"west": {"uv": [0, 0, 1, 1], "texture": "#glow"},
				"up": {"uv": [0, 0, 1, 1], "texture": "#glow"},
				"down": {"uv": [12, 7, 13, 8], "texture": "#glow"}
			}
		},
		{
			"from": [8.925, 9.125, 8.6],
			"to": [9.925, 9.925, 7.4],
			"light_emission": 15,
			"rotation": {"angle": 0, "axis": "y", "origin": [9.025, 9.025, 3.3]},
			"faces": {
				"north": {"uv": [9, 6, 10, 7], "texture": "#glow"},
				"east": {"uv": [0, 0, 1, 1], "texture": "#glow"},
				"south": {"uv": [9, 6, 10, 7], "texture": "#glow"},
				"west": {"uv": [9, 6, 10, 7], "texture": "#glow"},
				"up": {"uv": [0, 0, 1, 1], "texture": "#glow"},
				"down": {"uv": [0, 0, 1, 1], "texture": "#glow"}
			}
		},
		{
			"from": [13.125, 8.925, 8.6],
			"to": [14.125, 9.925, 7.4],
			"light_emission": 15,
			"rotation": {"angle": 0, "axis": "y", "origin": [13.025, 9.025, 3.3]},
			"faces": {
				"north": {"uv": [13, 6, 14, 7], "texture": "#glow"},
				"east": {"uv": [13, 6, 14, 7], "texture": "#glow"},
				"south": {"uv": [13, 6, 14, 7], "texture": "#glow"},
				"west": {"uv": [0, 0, 1, 1], "texture": "#glow"},
				"up": {"uv": [0, 0, 1, 1], "texture": "#glow"},
				"down": {"uv": [13, 6, 14, 7], "texture": "#glow"}
			}
		},
		{
			"from": [7.925, 9.925, 8.6],
			"to": [8.925, 11.125, 7.4],
			"light_emission": 15,
			"rotation": {"angle": 0, "axis": "y", "origin": [8.025, 10.025, 3.3]},
			"faces": {
				"north": {"uv": [8, 5, 9, 6], "texture": "#glow"},
				"east": {"uv": [0, 0, 1, 1], "texture": "#glow"},
				"south": {"uv": [8, 5, 9, 6], "texture": "#glow"},
				"west": {"uv": [8, 5, 9, 6], "texture": "#glow"},
				"up": {"uv": [8, 5, 9, 6], "texture": "#glow"},
				"down": {"uv": [8, 5, 9, 6], "texture": "#glow"}
			}
		},
		{
			"from": [14.125, 9.925, 8.6],
			"to": [15.125, 13.125, 7.4],
			"light_emission": 15,
			"rotation": {"angle": 0, "axis": "y", "origin": [14.025, 10.025, 3.3]},
			"faces": {
				"north": {"uv": [14, 5, 15, 6], "texture": "#glow"},
				"east": {"uv": [14, 5, 15, 6], "texture": "#glow"},
				"south": {"uv": [14, 5, 15, 6], "texture": "#glow"},
				"west": {"uv": [0, 0, 1, 1], "texture": "#glow"},
				"up": {"uv": [14, 5, 15, 6], "texture": "#glow"},
				"down": {"uv": [14, 5, 15, 6], "texture": "#glow"}
			}
		},
		{
			"from": [10.925, 9.925, 8.6],
			"to": [14.125, 13.125, 7.4],
			"light_emission": 15,
			"rotation": {"angle": 0, "axis": "y", "origin": [13.025, 10.025, 3.3]},
			"faces": {
				"north": {"uv": [14, 5, 15, 6], "texture": "#glow"},
				"east": {"uv": [0, 0, 1, 1], "texture": "#glow"},
				"south": {"uv": [14, 5, 15, 6], "texture": "#glow"},
				"west": {"uv": [0, 0, 1, 1], "texture": "#glow"},
				"up": {"uv": [0, 0, 1, 1], "texture": "#glow"},
				"down": {"uv": [0, 0, 1, 1], "texture": "#glow"}
			}
		},
		{
			"from": [9.925, 8.925, 8.6],
			"to": [10.925, 9.925, 7.4],
			"light_emission": 15,
			"rotation": {"angle": 0, "axis": "y", "origin": [12.025, 9.025, 3.3]},
			"faces": {
				"north": {"uv": [14, 5, 15, 6], "texture": "#glow"},
				"east": {"uv": [0, 0, 1, 1], "texture": "#glow"},
				"south": {"uv": [14, 5, 15, 6], "texture": "#glow"},
				"west": {"uv": [0, 0, 1, 1], "texture": "#glow"},
				"up": {"uv": [0, 0, 1, 1], "texture": "#glow"},
				"down": {"uv": [0, 0, 1, 1], "texture": "#glow"}
			}
		},
		{
			"from": [8.925, 7.925, 8.6],
			"to": [10.125, 8.925, 7.4],
			"light_emission": 15,
			"rotation": {"angle": 0, "axis": "y", "origin": [11.025, 8.025, 3.3]},
			"faces": {
				"north": {"uv": [14, 5, 15, 6], "texture": "#glow"},
				"east": {"uv": [0, 0, 1, 1], "texture": "#glow"},
				"south": {"uv": [14, 5, 15, 6], "texture": "#glow"},
				"west": {"uv": [0, 0, 1, 1], "texture": "#glow"},
				"up": {"uv": [0, 0, 1, 1], "texture": "#glow"},
				"down": {"uv": [0, 0, 1, 1], "texture": "#glow"}
			}
		},
		{
			"from": [8.925, 8.925, 8.6],
			"to": [9.925, 9.125, 7.4],
			"light_emission": 15,
			"rotation": {"angle": 0, "axis": "y", "origin": [11.025, 8.225, 3.3]},
			"faces": {
				"north": {"uv": [14, 5, 15, 6], "texture": "#glow"},
				"east": {"uv": [0, 0, 1, 1], "texture": "#glow"},
				"south": {"uv": [14, 5, 15, 6], "texture": "#glow"},
				"west": {"uv": [0, 0, 1, 1], "texture": "#glow"},
				"up": {"uv": [0, 0, 1, 1], "texture": "#glow"},
				"down": {"uv": [0, 0, 1, 1], "texture": "#glow"}
			}
		},
		{
			"from": [7.925, 7.925, 8.6],
			"to": [8.925, 8.125, 7.4],
			"light_emission": 15,
			"rotation": {"angle": 0, "axis": "y", "origin": [10.025, 7.225, 3.3]},
			"faces": {
				"north": {"uv": [14, 5, 15, 6], "texture": "#glow"},
				"east": {"uv": [0, 0, 1, 1], "texture": "#glow"},
				"south": {"uv": [14, 5, 15, 6], "texture": "#glow"},
				"west": {"uv": [0, 0, 1, 1], "texture": "#glow"},
				"up": {"uv": [0, 0, 1, 1], "texture": "#glow"},
				"down": {"uv": [0, 0, 1, 1], "texture": "#glow"}
			}
		},
		{
			"from": [7.925, 6.925, 8.6],
			"to": [9.125, 7.925, 7.4],
			"light_emission": 15,
			"rotation": {"angle": 0, "axis": "y", "origin": [10.025, 7.025, 3.3]},
			"faces": {
				"north": {"uv": [14, 5, 15, 6], "texture": "#glow"},
				"east": {"uv": [0, 0, 1, 1], "texture": "#glow"},
				"south": {"uv": [14, 5, 15, 6], "texture": "#glow"},
				"west": {"uv": [0, 0, 1, 1], "texture": "#glow"},
				"up": {"uv": [0, 0, 1, 1], "texture": "#glow"},
				"down": {"uv": [0, 0, 1, 1], "texture": "#glow"}
			}
		},
		{
			"from": [5.925, 5.925, 8.6],
			"to": [6.925, 6.125, 7.4],
			"light_emission": 15,
			"rotation": {"angle": 0, "axis": "y", "origin": [8.025, 5.225, 3.3]},
			"faces": {
				"north": {"uv": [14, 5, 15, 6], "texture": "#glow"},
				"east": {"uv": [0, 0, 1, 1], "texture": "#glow"},
				"south": {"uv": [14, 5, 15, 6], "texture": "#glow"},
				"west": {"uv": [0, 0, 1, 1], "texture": "#glow"},
				"up": {"uv": [0, 0, 1, 1], "texture": "#glow"},
				"down": {"uv": [0, 0, 1, 1], "texture": "#glow"}
			}
		},
		{
			"from": [5.925, 4.925, 8.6],
			"to": [7.125, 5.925, 7.4],
			"light_emission": 15,
			"rotation": {"angle": 0, "axis": "y", "origin": [8.025, 5.025, 3.3]},
			"faces": {
				"north": {"uv": [14, 5, 15, 6], "texture": "#glow"},
				"east": {"uv": [0, 0, 1, 1], "texture": "#glow"},
				"south": {"uv": [14, 5, 15, 6], "texture": "#glow"},
				"west": {"uv": [0, 0, 1, 1], "texture": "#glow"},
				"up": {"uv": [0, 0, 1, 1], "texture": "#glow"},
				"down": {"uv": [0, 0, 1, 1], "texture": "#glow"}
			}
		},
		{
			"from": [6.925, 5.925, 8.6],
			"to": [8.125, 6.925, 7.4],
			"light_emission": 15,
			"rotation": {"angle": 0, "axis": "y", "origin": [9.025, 6.025, 3.3]},
			"faces": {
				"north": {"uv": [14, 5, 15, 6], "texture": "#glow"},
				"east": {"uv": [0, 0, 1, 1], "texture": "#glow"},
				"south": {"uv": [14, 5, 15, 6], "texture": "#glow"},
				"west": {"uv": [0, 0, 1, 1], "texture": "#glow"},
				"up": {"uv": [0, 0, 1, 1], "texture": "#glow"},
				"down": {"uv": [0, 0, 1, 1], "texture": "#glow"}
			}
		},
		{
			"from": [6.925, 6.925, 8.6],
			"to": [7.925, 7.125, 7.4],
			"light_emission": 15,
			"rotation": {"angle": 0, "axis": "y", "origin": [9.025, 6.225, 3.3]},
			"faces": {
				"north": {"uv": [14, 5, 15, 6], "texture": "#glow"},
				"east": {"uv": [0, 0, 1, 1], "texture": "#glow"},
				"south": {"uv": [14, 5, 15, 6], "texture": "#glow"},
				"west": {"uv": [0, 0, 1, 1], "texture": "#glow"},
				"up": {"uv": [0, 0, 1, 1], "texture": "#glow"},
				"down": {"uv": [0, 0, 1, 1], "texture": "#glow"}
			}
		},
		{
			"from": [2.925, 2.925, 8.6],
			"to": [3.925, 3.125, 7.4],
			"light_emission": 15,
			"rotation": {"angle": 0, "axis": "y", "origin": [5.025, 2.225, 3.3]},
			"faces": {
				"north": {"uv": [14, 5, 15, 6], "texture": "#glow"},
				"east": {"uv": [0, 0, 1, 1], "texture": "#glow"},
				"south": {"uv": [14, 5, 15, 6], "texture": "#glow"},
				"west": {"uv": [0, 0, 1, 1], "texture": "#glow"},
				"up": {"uv": [0, 0, 1, 1], "texture": "#glow"},
				"down": {"uv": [0, 0, 1, 1], "texture": "#glow"}
			}
		},
		{
			"from": [2.925, 1.925, 8.6],
			"to": [4.125, 2.925, 7.4],
			"light_emission": 15,
			"rotation": {"angle": 0, "axis": "y", "origin": [5.025, 2.025, 3.3]},
			"faces": {
				"north": {"uv": [14, 5, 15, 6], "texture": "#glow"},
				"east": {"uv": [0, 0, 1, 1], "texture": "#glow"},
				"south": {"uv": [14, 5, 15, 6], "texture": "#glow"},
				"west": {"uv": [0, 0, 1, 1], "texture": "#glow"},
				"up": {"uv": [0, 0, 1, 1], "texture": "#glow"},
				"down": {"uv": [0, 0, 1, 1], "texture": "#glow"}
			}
		},
		{
			"from": [3.925, 2.925, 8.6],
			"to": [5.125, 3.925, 7.4],
			"light_emission": 15,
			"rotation": {"angle": 0, "axis": "y", "origin": [6.025, 3.025, 3.3]},
			"faces": {
				"north": {"uv": [14, 5, 15, 6], "texture": "#glow"},
				"east": {"uv": [0, 0, 1, 1], "texture": "#glow"},
				"south": {"uv": [14, 5, 15, 6], "texture": "#glow"},
				"west": {"uv": [0, 0, 1, 1], "texture": "#glow"},
				"up": {"uv": [0, 0, 1, 1], "texture": "#glow"},
				"down": {"uv": [0, 0, 1, 1], "texture": "#glow"}
			}
		},
		{
			"from": [3.925, 3.925, 8.6],
			"to": [4.925, 4.125, 7.4],
			"light_emission": 15,
			"rotation": {"angle": 0, "axis": "y", "origin": [6.025, 3.225, 3.3]},
			"faces": {
				"north": {"uv": [14, 5, 15, 6], "texture": "#glow"},
				"east": {"uv": [0, 0, 1, 1], "texture": "#glow"},
				"south": {"uv": [14, 5, 15, 6], "texture": "#glow"},
				"west": {"uv": [0, 0, 1, 1], "texture": "#glow"},
				"up": {"uv": [0, 0, 1, 1], "texture": "#glow"},
				"down": {"uv": [0, 0, 1, 1], "texture": "#glow"}
			}
		},
		{
			"from": [4.925, 3.925, 8.6],
			"to": [6.125, 4.925, 7.4],
			"light_emission": 15,
			"rotation": {"angle": 0, "axis": "y", "origin": [7.025, 4.025, 3.3]},
			"faces": {
				"north": {"uv": [14, 5, 15, 6], "texture": "#glow"},
				"east": {"uv": [0, 0, 1, 1], "texture": "#glow"},
				"south": {"uv": [14, 5, 15, 6], "texture": "#glow"},
				"west": {"uv": [0, 0, 1, 1], "texture": "#glow"},
				"up": {"uv": [0, 0, 1, 1], "texture": "#glow"},
				"down": {"uv": [0, 0, 1, 1], "texture": "#glow"}
			}
		},
		{
			"from": [4.925, 4.925, 8.6],
			"to": [5.925, 5.125, 7.4],
			"light_emission": 15,
			"rotation": {"angle": 0, "axis": "y", "origin": [7.025, 4.225, 3.3]},
			"faces": {
				"north": {"uv": [14, 5, 15, 6], "texture": "#glow"},
				"east": {"uv": [0, 0, 1, 1], "texture": "#glow"},
				"south": {"uv": [14, 5, 15, 6], "texture": "#glow"},
				"west": {"uv": [0, 0, 1, 1], "texture": "#glow"},
				"up": {"uv": [0, 0, 1, 1], "texture": "#glow"},
				"down": {"uv": [0, 0, 1, 1], "texture": "#glow"}
			}
		},
		{
			"from": [9.925, 9.925, 8.6],
			"to": [10.925, 12.125, 7.4],
			"light_emission": 15,
			"rotation": {"angle": 0, "axis": "y", "origin": [12.025, 10.025, 3.3]},
			"faces": {
				"north": {"uv": [14, 5, 15, 6], "texture": "#glow"},
				"east": {"uv": [0, 0, 1, 1], "texture": "#glow"},
				"south": {"uv": [14, 5, 15, 6], "texture": "#glow"},
				"west": {"uv": [0, 0, 1, 1], "texture": "#glow"},
				"up": {"uv": [0, 0, 1, 1], "texture": "#glow"},
				"down": {"uv": [0, 0, 1, 1], "texture": "#glow"}
			}
		},
		{
			"from": [8.925, 9.925, 8.6],
			"to": [9.925, 11.125, 7.4],
			"light_emission": 15,
			"rotation": {"angle": 0, "axis": "y", "origin": [11.025, 10.025, 3.3]},
			"faces": {
				"north": {"uv": [14, 5, 15, 6], "texture": "#glow"},
				"east": {"uv": [0, 0, 1, 1], "texture": "#glow"},
				"south": {"uv": [14, 5, 15, 6], "texture": "#glow"},
				"west": {"uv": [0, 0, 1, 1], "texture": "#glow"},
				"up": {"uv": [0, 0, 1, 1], "texture": "#glow"},
				"down": {"uv": [0, 0, 1, 1], "texture": "#glow"}
			}
		},
		{
			"from": [10.925, 8.925, 8.6],
			"to": [13.125, 9.925, 7.4],
			"light_emission": 15,
			"rotation": {"angle": 0, "axis": "y", "origin": [13.025, 9.025, 3.3]},
			"faces": {
				"north": {"uv": [14, 5, 15, 6], "texture": "#glow"},
				"east": {"uv": [0, 0, 1, 1], "texture": "#glow"},
				"south": {"uv": [14, 5, 15, 6], "texture": "#glow"},
				"west": {"uv": [0, 0, 1, 1], "texture": "#glow"},
				"up": {"uv": [0, 0, 1, 1], "texture": "#glow"},
				"down": {"uv": [0, 0, 1, 1], "texture": "#glow"}
			}
		},
		{
			"from": [10.925, 7.925, 8.6],
			"to": [12.125, 8.925, 7.4],
			"light_emission": 15,
			"rotation": {"angle": 0, "axis": "y", "origin": [13.025, 8.025, 3.3]},
			"faces": {
				"north": {"uv": [14, 5, 15, 6], "texture": "#glow"},
				"east": {"uv": [0, 0, 1, 1], "texture": "#glow"},
				"south": {"uv": [14, 5, 15, 6], "texture": "#glow"},
				"west": {"uv": [0, 0, 1, 1], "texture": "#glow"},
				"up": {"uv": [0, 0, 1, 1], "texture": "#glow"},
				"down": {"uv": [0, 0, 1, 1], "texture": "#glow"}
			}
		},
		{
			"from": [8.925, 11.125, 8.6],
			"to": [9.925, 12.125, 7.4],
			"light_emission": 15,
			"rotation": {"angle": 0, "axis": "y", "origin": [9.025, 11.025, 3.3]},
			"faces": {
				"north": {"uv": [9, 4, 10, 5], "texture": "#glow"},
				"east": {"uv": [0, 0, 1, 1], "texture": "#glow"},
				"south": {"uv": [9, 4, 10, 5], "texture": "#glow"},
				"west": {"uv": [9, 4, 10, 5], "texture": "#glow"},
				"up": {"uv": [9, 4, 10, 5], "texture": "#glow"},
				"down": {"uv": [0, 0, 1, 1], "texture": "#glow"}
			}
		},
		{
			"from": [9.925, 12.125, 8.6],
			"to": [10.925, 13.125, 7.4],
			"light_emission": 15,
			"rotation": {"angle": 0, "axis": "y", "origin": [10.025, 12.025, 3.3]},
			"faces": {
				"north": {"uv": [10, 3, 11, 4], "texture": "#glow"},
				"east": {"uv": [0, 0, 1, 1], "texture": "#glow"},
				"south": {"uv": [10, 3, 11, 4], "texture": "#glow"},
				"west": {"uv": [10, 3, 11, 4], "texture": "#glow"},
				"up": {"uv": [10, 3, 11, 4], "texture": "#glow"},
				"down": {"uv": [0, 0, 1, 1], "texture": "#glow"}
			}
		},
		{
			"from": [10.925, 13.125, 8.6],
			"to": [14.125, 14.125, 7.4],
			"light_emission": 15,
			"rotation": {"angle": 0, "axis": "y", "origin": [11.025, 13.025, 3.3]},
			"faces": {
				"north": {"uv": [11, 2, 12, 3], "texture": "#glow"},
				"east": {"uv": [11, 2, 12, 3], "texture": "#glow"},
				"south": {"uv": [11, 2, 12, 3], "texture": "#glow"},
				"west": {"uv": [11, 2, 12, 3], "texture": "#glow"},
				"up": {"uv": [11, 2, 12, 3], "texture": "#glow"},
				"down": {"uv": [0, 0, 1, 1], "texture": "#glow"}
			}
		}
	],
    "display": {
        "gui": {
            "rotation": 	[ 0, 0, 0 ],
            "translation": 	[ 0, 0, 0],
            "scale":		[ 1, 1, 1 ]
        },
        "ground": {
			"rotation": 	[ 0, 0, 0 ],
			"translation": 	[ 0, 3, 0 ],
			"scale": 		[ 0.50, 0.50, 0.50 ]
        },
        "fixed": {
			"rotation": 	[ 0, 180, 0 ],
			"translation": 	[ 0, 0, 0 ],
			"scale": 		[ 1.02, 1.02, 1.02 ]
        },
		"head": {
            "rotation": 	[ 0, 180, 0 ],
            "translation": 	[ 0, 13, 7],
            "scale":		[ 1, 1, 1]
        },
        "thirdperson_righthand": {
            "rotation": [ 0, -90, 55 ],
            "translation": [ 0, 4.0, 0.5 ],
            "scale": [ 0.85, 0.85, 0.85 ]
        },
        "thirdperson_lefthand": {
            "rotation": [ 0, 90, -55 ],
            "translation": [ 0, 4.0, 0.5 ],
            "scale": [ 0.85, 0.85, 0.85 ]
        },
        "firstperson_righthand": {
            "rotation": [ 0, -90, 25 ],
            "translation": [ 1.13, 3.2, 1.13 ],
            "scale": [ 0.68, 0.68, 0.68 ]
        },
        "firstperson_lefthand": {
            "rotation": [ 0, 90, -25 ],
            "translation": [ 1.13, 3.2, 1.13 ],
            "scale": [ 0.68, 0.68, 0.68 ]
        }
    },
	"groups": [
		{
			"name": "emissive_1",
			"origin": [12, 15, 0],
			"color": 0,
			"children": [0, 1, 2, 3, 4, 5, 6, 7, 8, 9, 10, 11, 12, 13, 14, 15, 16, 17, 18, 19, 20, 21, 22, 23, 24, 25, 26, 27, 28, 29, 30, 31, 32, 33, 34, 35, 36, 37, 38, 39, 40, 41, 42, 43]
		}
	]
}