{
	"credit": "Made with Blockbench",
	"ambientocclusion": false,
	"textures": {
		"2": "block/wildflowers_2",
		"stem": "block/pink_petals_stem"
	},
	"elements": [
		{
			"from": [13.4, 0, -7.7],
			"to": [13.4, 2, -6.7],
			"rotation": {"angle": -45, "axis": "y", "origin": [0, 0, -3]},
			"faces": {
				"east": {"uv": [0, 5, 1, 7], "texture": "#stem", "tintindex": 1},
				"west": {"uv": [0, 5, 1, 7], "texture": "#stem", "tintindex": 1}
			}
		},
		{
			"from": [12.9, 0, -7.2],
			"to": [13.9, 2, -7.2],
			"rotation": {"angle": -45, "axis": "y", "origin": [0, 0, -3]},
			"faces": {
				"north": {"uv": [0, 5, 1, 7], "texture": "#stem", "tintindex": 1},
				"south": {"uv": [0, 5, 1, 7], "texture": "#stem", "tintindex": 1}
			}
		},
		{
			"from": [10.95, -0.2778, 4.31606],
			"to": [13.95, -0.2778, 6.31606],
			"shade": false,
			"rotation": {"angle": -22.5, "axis": "x", "origin": [12.45, 2.3222, -1.13394]},
			"faces": {
				"north": {"uv": [14, 13, 16, 16], "rotation": 270, "texture": "#2"},
				"east": {"uv": [14, 13, 16, 16], "rotation": 270, "texture": "#2"},
				"south": {"uv": [14, 13, 16, 16], "rotation": 270, "texture": "#2"},
				"west": {"uv": [14, 13, 16, 16], "rotation": 270, "texture": "#2"},
				"up": {"uv": [12, 13, 14, 16], "rotation": 270, "texture": "#2"},
				"down": {"uv": [16, 13, 14, 16], "rotation": 270, "texture": "#2"}
			}
		},
		{
			"from": [10.9, 2, 2],
			"to": [13.9, 2, 5],
			"shade": false,
			"rotation": {"angle": 0, "axis": "y", "origin": [7.75, 1, -8]},
			"faces": {
				"north": {"uv": [1, 1, 4, 4], "texture": "#2"},
				"east": {"uv": [1, 1, 4, 4], "texture": "#2"},
				"south": {"uv": [1, 1, 4, 4], "texture": "#2"},
				"west": {"uv": [1, 1, 4, 4], "texture": "#2"},
				"up": {"uv": [1, 12, 4, 15], "texture": "#2"},
				"down": {"uv": [1, 1, 4, 4], "texture": "#2"}
			}
		},
		{
			"from": [8.9, 2.4, 2],
			"to": [10.9, 2.4, 5],
			"shade": false,
			"rotation": {"angle": -22.5, "axis": "z", "origin": [9.9, 2, 3.5]},
			"faces": {
				"north": {"uv": [14, 13, 16, 16], "texture": "#2"},
				"east": {"uv": [14, 13, 16, 16], "texture": "#2"},
				"south": {"uv": [14, 13, 16, 16], "texture": "#2"},
				"west": {"uv": [14, 13, 16, 16], "texture": "#2"},
				"up": {"uv": [14, 10, 16, 13], "texture": "#2"},
				"down": {"uv": [14, 16, 16, 13], "texture": "#2"}
			}
		},
		{
			"from": [13.79879, 2.37384, 1.975],
			"to": [15.79879, 2.37384, 4.975],
			"shade": false,
			"rotation": {"angle": 22.5, "axis": "z", "origin": [14.79879, 2.34884, 3.5]},
			"faces": {
				"north": {"uv": [14, 13, 16, 16], "rotation": 180, "texture": "#2"},
				"east": {"uv": [14, 13, 16, 16], "rotation": 180, "texture": "#2"},
				"south": {"uv": [14, 13, 16, 16], "rotation": 180, "texture": "#2"},
				"west": {"uv": [14, 13, 16, 16], "rotation": 180, "texture": "#2"},
				"up": {"uv": [12, 10, 14, 13], "rotation": 180, "texture": "#2"},
				"down": {"uv": [14, 16, 16, 13], "rotation": 180, "texture": "#2"}
			}
		},
		{
			"from": [10.95, 2.34884, 0],
			"to": [13.95, 2.34884, 2],
			"shade": false,
			"rotation": {"angle": 22.5, "axis": "x", "origin": [12.75, 1.99884, 1]},
			"faces": {
				"north": {"uv": [16, 16, 14, 13], "rotation": 270, "texture": "#2"},
				"east": {"uv": [16, 16, 14, 13], "rotation": 270, "texture": "#2"},
				"south": {"uv": [16, 16, 14, 13], "rotation": 270, "texture": "#2"},
				"west": {"uv": [16, 16, 14, 13], "rotation": 270, "texture": "#2"},
				"up": {"uv": [16, 16, 14, 13], "rotation": 270, "texture": "#2"},
				"down": {"uv": [14, 16, 16, 13], "rotation": 270, "texture": "#2"}
			}
		}
	]
}