{
	"credit": "Made with Blockbench",
	"parent": "minecraft:block/flowerbed_1",
	"textures": {
		"flowerbed": "block/wildflowers_1",
		"stem": "block/pink_petals_stem"
	},
	"elements": [
		{
			"from": [3.7075, 3, 2.025],
			"to": [8.2075, 3, 6.525],
			"shade": false,
			"rotation": {"angle": 0, "axis": "y", "origin": [0.8, 0, 2.8]},
			"faces": {
				"north": {"uv": [0, 0, 5, 5], "texture": "#flowerbed"},
				"east": {"uv": [0, 0, 5, 5], "texture": "#flowerbed"},
				"south": {"uv": [0, 0, 5, 5], "texture": "#flowerbed"},
				"west": {"uv": [0, 0, 5, 5], "texture": "#flowerbed"},
				"up": {"uv": [0, 0, 5, 5], "texture": "#flowerbed"},
				"down": {"uv": [0, 0, 5, 5], "texture": "#flowerbed"}
			}
		},
		{
			"from": [-0.32039, 3, 0.27949],
			"to": [4.17961, 3, 4.77949],
			"shade": false,
			"rotation": {"angle": 0, "axis": "y", "origin": [1.94019, 2.2475, 2.51913]},
			"faces": {
				"north": {"uv": [11, 0, 16, 5], "texture": "#flowerbed"},
				"east": {"uv": [11, 0, 16, 5], "texture": "#flowerbed"},
				"south": {"uv": [11, 0, 16, 5], "texture": "#flowerbed"},
				"west": {"uv": [11, 0, 16, 5], "texture": "#flowerbed"},
				"up": {"uv": [11, 0, 16, 5], "rotation": 90, "texture": "#flowerbed"},
				"down": {"uv": [11, 0, 16, 5], "rotation": 270, "texture": "#flowerbed"}
			}
		},
		{
			"from": [1.94601, 0, 2.0055],
			"to": [1.94601, 2.99, 3.0055],
			"rotation": {"angle": -22.5, "axis": "y", "origin": [1.94019, 2.2475, 2.51913]},
			"faces": {
				"north": {"uv": [0, 0, 0, 0], "texture": "#stem"},
				"east": {"uv": [0, 4, 1, 7], "texture": "#stem", "tintindex": 1},
				"south": {"uv": [0, 0, 0, 0], "texture": "#stem"},
				"west": {"uv": [0, 4, 1, 7], "texture": "#stem", "tintindex": 1},
				"up": {"uv": [0, 0, 0, 0], "texture": "#stem"},
				"down": {"uv": [0, 0, 0, 0], "texture": "#stem"}
			}
		},
		{
			"from": [1.44601, 0, 2.5055],
			"to": [2.44601, 2.99, 2.5055],
			"rotation": {"angle": -22.5, "axis": "y", "origin": [1.94019, 2.2475, 2.51913]},
			"faces": {
				"north": {"uv": [0, 4, 1, 7], "texture": "#stem", "tintindex": 1},
				"east": {"uv": [0, 0, 0, 0], "texture": "#stem"},
				"south": {"uv": [0, 4, 1, 7], "texture": "#stem", "tintindex": 1},
				"west": {"uv": [0, 0, 0, 0], "texture": "#stem"},
				"up": {"uv": [0, 0, 0, 0], "rotation": 90, "texture": "#stem"},
				"down": {"uv": [0, 0, 0, 0], "rotation": 270, "texture": "#stem"}
			}
		},
		{
			"from": [5.93467, 0, 3.75538],
			"to": [5.93467, 2.99, 4.75538],
			"rotation": {"angle": -45, "axis": "y", "origin": [5.93467, 1.495, 4.25538]},
			"faces": {
				"north": {"uv": [0, 0, 0, 0], "texture": "#stem"},
				"east": {"uv": [0, 4, 1, 7], "texture": "#stem", "tintindex": 1},
				"south": {"uv": [0, 0, 0, 0], "texture": "#stem"},
				"west": {"uv": [0, 4, 1, 7], "texture": "#stem", "tintindex": 1},
				"up": {"uv": [0, 0, 0, 0], "texture": "#stem"},
				"down": {"uv": [0, 0, 0, 0], "texture": "#stem"}
			}
		},
		{
			"from": [5.93467, 0, 3.75538],
			"to": [5.93467, 2.99, 4.75538],
			"rotation": {"angle": 45, "axis": "y", "origin": [5.93467, 1.495, 4.25538]},
			"faces": {
				"north": {"uv": [0, 0, 0, 0], "texture": "#stem"},
				"east": {"uv": [0, 4, 1, 7], "texture": "#stem", "tintindex": 1},
				"south": {"uv": [0, 0, 0, 0], "texture": "#stem"},
				"west": {"uv": [0, 4, 1, 7], "texture": "#stem", "tintindex": 1},
				"up": {"uv": [0, 0, 0, 0], "texture": "#stem"},
				"down": {"uv": [0, 0, 0, 0], "texture": "#stem"}
			}
		}
	]
}