{
	"credit": "Made with Blockbench",
	"ambientocclusion": false,
	"textures": {
		"1": "block/wildflowers_1",
		"particle": "block/wildflowers_1",
		"stem": "block/pink_petals_stem"
	},
	"elements": [
		{
			"from": [19.15, 0, 1.4],
			"to": [20.15, 2, 1.4],
			"rotation": {"angle": -45, "axis": "y", "origin": [2, 0, 0]},
			"faces": {
				"up": {"uv": [0, 0, 0, 1], "rotation": 270, "texture": "#stem", "tintindex": 1},
				"down": {"uv": [0, 0, 0, 1], "rotation": 90, "texture": "#stem", "tintindex": 1}
			}
		},
		{
			"from": [19.65, 0, 0.9],
			"to": [19.65, 2, 1.9],
			"rotation": {"angle": -45, "axis": "y", "origin": [2, 0, 0]},
			"faces": {
				"east": {"uv": [0, 5, 1, 7], "texture": "#stem", "tintindex": 1},
				"west": {"uv": [0, 5, 1, 7], "texture": "#stem", "tintindex": 1}
			}
		},
		{
			"from": [13.4, -0.25, 0.5],
			"to": [13.4, 1.75, 1.5],
			"rotation": {"angle": -45, "axis": "y", "origin": [0, -0.25, 1]},
			"faces": {
				"east": {"uv": [0, 5, 1, 7], "texture": "#stem", "tintindex": 1},
				"west": {"uv": [0, 5, 1, 7], "texture": "#stem", "tintindex": 1}
			}
		},
		{
			"from": [12.9, -0.25, 1],
			"to": [13.9, 1.75, 1],
			"rotation": {"angle": -45, "axis": "y", "origin": [0, -0.25, 1]},
			"faces": {
				"north": {"uv": [0, 5, 1, 7], "texture": "#stem", "tintindex": 1},
				"south": {"uv": [0, 5, 1, 7], "texture": "#stem", "tintindex": 1}
			}
		},
		{
			"from": [7.19507, 1.75, 8.27792],
			"to": [11.69507, 1.75, 12.77792],
			"shade": false,
			"rotation": {"angle": 0, "axis": "y", "origin": [9.44507, 1.75, 10.52792]},
			"faces": {
				"north": {"uv": [0, 11, 5, 16], "texture": "#1"},
				"east": {"uv": [0, 11, 5, 16], "texture": "#1"},
				"south": {"uv": [0, 11, 5, 16], "texture": "#1"},
				"west": {"uv": [0, 11, 5, 16], "texture": "#1"},
				"up": {"uv": [0, 11, 5, 16], "texture": "#1"},
				"down": {"uv": [0, 11, 5, 16], "texture": "#1"}
			}
		},
		{
			"from": [11.25124, 2, 11.1852],
			"to": [15.75124, 2, 15.6852],
			"shade": false,
			"rotation": {"angle": 0, "axis": "y", "origin": [13.50124, 2, 13.4352]},
			"faces": {
				"north": {"uv": [9, 7, 14, 12], "texture": "#1"},
				"east": {"uv": [9, 7, 14, 12], "texture": "#1"},
				"south": {"uv": [9, 7, 14, 12], "texture": "#1"},
				"west": {"uv": [9, 7, 14, 12], "texture": "#1"},
				"up": {"uv": [9, 7, 14, 12], "texture": "#1"},
				"down": {"uv": [9, 7, 14, 12], "texture": "#1"}
			}
		}
	]
}