{
	"credit": "Made with Blockbench",
	"texture_size": [64, 64],
	"textures": {
		"0": "item/enchanted_tool_overlays/shield_enchantment_outline",
		"particle": "item/enchanted_tool_overlays/shield_enchantment_outline"
	},
	"elements": [
		{
			"name": "Cube",
			"from": [3.4, -2.25, 9.1],
			"to": [15.6, 20.05, 7.9],
			"light_emission": 15,
			"rotation": {"angle": 0, "axis": "y", "origin": [1.5, -2.15, -1.9]},
			"faces": {
				"north": {"uv": [3.5, 0.25, 6.5, 5.75], "texture": "#0"},
				"east": {"uv": [3.25, 0.5, 3.5, 5.75], "texture": "#0"},
				"south": {"uv": [0.25, 0.25, 3.25, 5.75], "texture": "#0"},
				"west": {"uv": [0, 0.25, 0.25, 5.75], "texture": "#0"},
				"up": {"uv": [0.25, 0, 3, 0.25], "texture": "#0"},
				"down": {"uv": [3.25, 0, 6.25, 0.25], "texture": "#0"}
			}
		},
		{
			"name": "Cube",
			"from": [10.6, 5.85, 1.9],
			"to": [8.4, 12.05, 8.1],
			"light_emission": 15,
			"rotation": {"angle": 0, "axis": "y", "origin": [3.6, -2.05, -3]},
			"faces": {
				"north": {"uv": [10, 1.5, 10.5, 3], "texture": "#0"},
				"east": {"uv": [8.5, 1.5, 10, 3], "texture": "#0"},
				"south": {"uv": [8, 1.5, 8.5, 3], "texture": "#0"},
				"west": {"uv": [6.5, 1.5, 8, 3], "texture": "#0"},
				"up": {"uv": [8, 0, 8.5, 1.5], "texture": "#0"},
				"down": {"uv": [8.5, 0, 9, 1.5], "texture": "#0"}
			}
		}
	],
	"gui_light": "front",
	"display": {
		"thirdperson_lefthand": {
			"rotation": [45, 135, 0],
			"translation": [1.8, -2, -2.6]
		}
	}
}